<?xml version="1.0" encoding="UTF-8"?>
<arsystem_xml_report><xform id="KS_ATT_AttributeInstance" remedy="http://www.w3.org/2000/xforms"><instance><field-info><field><name>_Attribute_Type_Maximum</name><id>710000061</id><type>REAL</type></field><field><name>_Attribute_Type_Field_Length</name><id>710000060</id><type>INTEGER</type></field><field><name>_ActionTwo</name><id>600000043</id><type>CHAR</type></field><field><name>_ActionOne</name><id>600000042</id><type>CHAR</type></field><field><name>Application</name><id>400069400</id><type>CHAR</type></field><field><name>CloneSourceAttributeInstanceID</name><id>710000150</id><type>CHAR</type></field><field><name>_Attach_Menu</name><id>710000059</id><type>ENUM</type></field><field><name>_Allow_Multiple_Instances</name><id>710000058</id><type>ENUM</type></field><field><name>_AuditContext</name><id>600001020</id><type>CHAR</type></field><field><name>_Admin_Only_Attribute_Type</name><id>710000057</id><type>ENUM</type></field><field><name>Developer Name</name><id>600000200</id><type>CHAR</type></field><field><name>Time_Value</name><id>710000051</id><type>UnKnown Type</type></field><field><name>_Multi-Purpose12</name><id>600000101</id><type>CHAR</type></field><field><name>Short Description</name><id>8</id><type>CHAR</type></field><field><name>Status</name><id>7</id><type>ENUM</type></field><field><name>Modified Date</name><id>6</id><type>TIME</type></field><field><name>Last Modified By</name><id>5</id><type>CHAR</type></field><field><name>Assigned To</name><id>4</id><type>CHAR</type></field><field><name>_Message</name><id>600000325</id><type>CHAR</type></field><field><name>Create Date</name><id>3</id><type>TIME</type></field><field><name>Submitter</name><id>2</id><type>CHAR</type></field><field><name>_Multi-Purpose10</name><id>600000099</id><type>CHAR</type></field><field><name>Request ID</name><id>1</id><type>CHAR</type></field><field><name>_Multi-Purpose9</name><id>600000098</id><type>CHAR</type></field><field><name>_Multi-Purpose7</name><id>600000096</id><type>CHAR</type></field><field><name>Operation ID</name><id>490000700</id><type>CHAR</type></field><field><name>_Multi-Purpose6</name><id>600000095</id><type>CHAR</type></field><field><name>_Multi-Purpose5</name><id>600000094</id><type>CHAR</type></field><field><name>Session Status</name><id>300207500</id><type>ENUM</type></field><field><name>_Multi-Purpose4</name><id>600000093</id><type>CHAR</type></field><field><name>Record Status</name><id>300059000</id><type>ENUM</type></field><field><name>_Multi-Purpose3</name><id>600000092</id><type>CHAR</type></field><field><name>_Multi-Purpose2</name><id>600000091</id><type>CHAR</type></field><field><name>ApplicationName</name><id>700036000</id><type>CHAR</type></field><field><name>_Multi-Purpose</name><id>600000090</id><type>CHAR</type></field><field><name>Real_Number_Value</name><id>710000047</id><type>REAL</type></field><field><name>Attribute_Parent_InstanceId</name><id>710000078</id><type>CHAR</type></field><field><name>Integer_Value</name><id>710000046</id><type>INTEGER</type></field><field><name>Decimal_Number_Value</name><id>710000044</id><type>DECIMAL</type></field><field><name>Attribute_Type_Instance_ID</name><id>710000012</id><type>CHAR</type></field><field><name>Date_Value</name><id>710000043</id><type>UnKnown Type</type></field><field><name>Date_Time_Value</name><id>710000042</id><type>TIME</type></field><field><name>Value_Viewer</name><id>710000073</id><type>CHAR</type></field><field><name>Currency_Value</name><id>710000041</id><type>UnKnown Type</type></field><field><name>Character_Value</name><id>710000040</id><type>CHAR</type></field><field><name>instanceId</name><id>179</id><type>CHAR</type></field><field><name>_ParentFormName</name><id>710000777</id><type>CHAR</type></field><field><name>Assignee Group</name><id>112</id><type>CHAR</type></field><field><name>Attachment_Value</name><id>710000009</id><type>CHAR</type></field><field><name>Attribute Type Name</name><id>710000069</id><type>CHAR</type></field><field><name>_Multiple_Instance_ID</name><id>710000068</id><type>CHAR</type></field><field><name>_Attribute_Type_Menu_Name</name><id>710000004</id><type>CHAR</type></field><field><name>_Make_Type_Mandatory</name><id>710000067</id><type>ENUM</type></field><field><name>_Attribute_Type_Default_Value</name><id>710000003</id><type>CHAR</type></field><field><name>_Field_Length_Value</name><id>710000066</id><type>INTEGER</type></field><field><name>_Enable_Range_Check</name><id>710000065</id><type>ENUM</type></field><field><name>Attribute_Data_Type</name><id>710000001</id><type>CHAR</type></field><field><name>_Enable_Pattern_Matching</name><id>710000064</id><type>ENUM</type></field><field><name>_Attribute_Type_Pattern</name><id>710000063</id><type>CHAR</type></field><field><name>_Attribute_Type_Minimum</name><id>710000062</id><type>REAL</type></field></field-info><entry id="000000000000605"><field_value id="710000061"/><field_value id="710000060"/><field_value id="600000043"/><field_value id="600000042"/><field_value id="400069400"><value>Kinetic Request</value></field_value><field_value id="710000150"/><field_value id="710000059"/><field_value id="710000058"/><field_value id="600001020"/><field_value id="710000057"/><field_value id="600000200"><value>Character</value></field_value><field_value id="710000051"/><field_value id="600000101"/><field_value id="8"><value>a</value></field_value><field_value id="7"><value>0</value></field_value><field_value id="6"><value>1431671001</value></field_value><field_value id="5"><value>Demo</value></field_value><field_value id="4"/><field_value id="600000325"/><field_value id="3"><value>1431671001</value></field_value><field_value id="2"><value>Demo</value></field_value><field_value id="600000099"/><field_value id="1"><value>000000000000605</value></field_value><field_value id="600000098"/><field_value id="600000096"/><field_value id="490000700"/><field_value id="600000095"/><field_value id="600000094"/><field_value id="300207500"><value>0</value></field_value><field_value id="600000093"/><field_value id="300059000"><value>0</value></field_value><field_value id="600000092"/><field_value id="600000091"/><field_value id="700036000"><value>Kinetic Request</value></field_value><field_value id="600000090"/><field_value id="710000047"/><field_value id="710000078"><value>KS7b6aea651793284a0627afb92c61c095d</value></field_value><field_value id="710000046"/><field_value id="710000044"/><field_value id="710000012"><value>KS000C29497A1AA5x9RQdB#OZgxDQA</value></field_value><field_value id="710000043"/><field_value id="710000042"/><field_value id="710000073"><value>Support</value></field_value><field_value id="710000041"/><field_value id="710000040"><value>Support</value></field_value><field_value id="179"><value>KS044f49afc6f8afef866732ee0930a83dc</value></field_value><field_value id="710000777"/><field_value id="112"><value>0;</value></field_value><field_value id="710000009"/><field_value id="710000069"><value>Category</value></field_value><field_value id="710000068"/><field_value id="710000004"/><field_value id="710000067"/><field_value id="710000003"/><field_value id="710000066"/><field_value id="710000065"/><field_value id="710000001"><value>Character</value></field_value><field_value id="710000064"/><field_value id="710000063"/><field_value id="710000062"/></entry></instance></xform></arsystem_xml_report>