<?xml version="1.0" encoding="UTF-8"?>
<arsystem_xml_report><xform id="KS_RQT_BridgedResource" remedy="http://www.w3.org/2000/xforms"><instance><field-info><field><name>_ActionFour</name><id>700002000</id><type>CHAR</type></field><field><name>Clone_SourceInstanceID</name><id>700001046</id><type>CHAR</type></field><field><name>_ActionThree</name><id>700001043</id><type>CHAR</type></field><field><name>InstanceId</name><id>179</id><type>CHAR</type></field><field><name>model_name</name><id>760000200</id><type>CHAR</type></field><field><name>qualification_type</name><id>760000402</id><type>ENUM</type></field><field><name>qualification_name</name><id>760000400</id><type>CHAR</type></field><field><name>OperationID</name><id>760000809</id><type>CHAR</type></field><field><name>Short Description</name><id>8</id><type>CHAR</type></field><field><name>Status</name><id>7</id><type>ENUM</type></field><field><name>Modified Date</name><id>6</id><type>TIME</type></field><field><name>_ActionTwo</name><id>600000043</id><type>CHAR</type></field><field><name>Last Modified By</name><id>5</id><type>CHAR</type></field><field><name>form_id</name><id>760000804</id><type>CHAR</type></field><field><name>Assigned To</name><id>4</id><type>CHAR</type></field><field><name>_ActionOne</name><id>600000042</id><type>CHAR</type></field><field><name>label_attribute</name><id>760000803</id><type>CHAR</type></field><field><name>Create Date</name><id>3</id><type>TIME</type></field><field><name>value_attribute</name><id>760000802</id><type>CHAR</type></field><field><name>Submitter</name><id>2</id><type>CHAR</type></field><field><name>source_id</name><id>760000801</id><type>CHAR</type></field><field><name>Request ID</name><id>1</id><type>CHAR</type></field><field><name>source</name><id>760000800</id><type>CHAR</type></field></field-info><entry id="000000000001432"><field_value id="700002000"/><field_value id="700001046"/><field_value id="700001043"/><field_value id="179"><value>IDHAA5V0HJEMVANOP8P0CF0HT2GTI8</value></field_value><field_value id="760000200"><value>Person</value></field_value><field_value id="760000402"><value>1</value></field_value><field_value id="760000400"><value>All</value></field_value><field_value id="760000809"><value>KSHAA5V0HJEMVANOP8LUCFHKL0GSV6</value></field_value><field_value id="8"><value>N/A</value></field_value><field_value id="7"><value>0</value></field_value><field_value id="6"><value>1432242195</value></field_value><field_value id="600000043"/><field_value id="5"><value>Demo</value></field_value><field_value id="760000804"><value>KS7b6aea651793284a0627afb92c61c095d</value></field_value><field_value id="4"/><field_value id="600000042"/><field_value id="760000803"/><field_value id="3"><value>1432241490</value></field_value><field_value id="760000802"/><field_value id="2"><value>Demo</value></field_value><field_value id="760000801"><value>IDHAA5V0HJEMVANOP8P0CF0HT5GTIK</value></field_value><field_value id="1"><value>000000000001432</value></field_value><field_value id="760000800"><value>Custom</value></field_value></entry><entry id="000000000001440"><field_value id="700002000"/><field_value id="700001046"/><field_value id="700001043"/><field_value id="179"><value>IDHAA5V0HJEMVANPCP8121N0TFB4OH</value></field_value><field_value id="760000200"><value>Person</value></field_value><field_value id="760000402"><value>1</value></field_value><field_value id="760000400"><value>By First or Last Name</value></field_value><field_value id="760000809"><value>KSHAA5V0HJEMVANPCP8D21NDXIB4NC</value></field_value><field_value id="8"><value>N/A</value></field_value><field_value id="7"><value>0</value></field_value><field_value id="6"><value>1432856835</value></field_value><field_value id="600000043"/><field_value id="5"><value>Demo</value></field_value><field_value id="760000804"><value>KS7b6aea651793284a0627afb92c61c095d</value></field_value><field_value id="4"/><field_value id="600000042"/><field_value id="760000803"/><field_value id="3"><value>1432856834</value></field_value><field_value id="760000802"/><field_value id="2"><value>Demo</value></field_value><field_value id="760000801"><value>IDHAA5V0HJEMVANPCP8121N0TJB4OJ</value></field_value><field_value id="1"><value>000000000001440</value></field_value><field_value id="760000800"><value>Custom</value></field_value></entry><entry id="000000000001441"><field_value id="700002000"/><field_value id="700001046"/><field_value id="700001043"/><field_value id="179"><value>IDHAA5V0HJEMVANPCSKF24ABCUBNFA</value></field_value><field_value id="760000200"><value>Person</value></field_value><field_value id="760000402"><value>1</value></field_value><field_value id="760000400"><value>By Full Name</value></field_value><field_value id="760000809"><value>KSHAA5V0HJEMVANPCS9T23ZRZUBNDL</value></field_value><field_value id="8"><value>N/A</value></field_value><field_value id="7"><value>0</value></field_value><field_value id="6"><value>1432860796</value></field_value><field_value id="600000043"/><field_value id="5"><value>Demo</value></field_value><field_value id="760000804"><value>KS7b6aea651793284a0627afb92c61c095d</value></field_value><field_value id="4"/><field_value id="600000042"/><field_value id="760000803"/><field_value id="3"><value>1432860795</value></field_value><field_value id="760000802"/><field_value id="2"><value>Demo</value></field_value><field_value id="760000801"><value>IDHAA5V0HJEMVANPCSKF24ABCWBNFC</value></field_value><field_value id="1"><value>000000000001441</value></field_value><field_value id="760000800"><value>Custom</value></field_value></entry><entry id="000000000001442"><field_value id="700002000"/><field_value id="700001046"/><field_value id="700001043"/><field_value id="179"><value>IDHAA5V0HJEMVANPE0TW39V9Z6FJIX</value></field_value><field_value id="760000200"><value>Person</value></field_value><field_value id="760000402"><value>1</value></field_value><field_value id="760000400"><value>By First Name or Last Name or Full Name</value></field_value><field_value id="760000809"><value>KSHAA5V0HJEMVANPE0SU39UQL0FJG1</value></field_value><field_value id="8"><value>N/A</value></field_value><field_value id="7"><value>0</value></field_value><field_value id="6"><value>1432931125</value></field_value><field_value id="600000043"/><field_value id="5"><value>Demo</value></field_value><field_value id="760000804"><value>KS7b6aea651793284a0627afb92c61c095d</value></field_value><field_value id="4"/><field_value id="600000042"/><field_value id="760000803"/><field_value id="3"><value>1432931124</value></field_value><field_value id="760000802"/><field_value id="2"><value>Demo</value></field_value><field_value id="760000801"><value>IDHAA5V0HJEMVANPE0TW39V9ZKFJIZ</value></field_value><field_value id="1"><value>000000000001442</value></field_value><field_value id="760000800"><value>Custom</value></field_value></entry><entry id="000000000001456"><field_value id="700002000"/><field_value id="700001046"/><field_value id="700001043"/><field_value id="179"><value>IDHAA5V0HJEMVANPU85KFNY7QQ8FYN</value></field_value><field_value id="760000200"><value>Person</value></field_value><field_value id="760000402"><value>0</value></field_value><field_value id="760000400"><value>By Login Id</value></field_value><field_value id="760000809"><value>KSHAA5V0HJEMVANPU82AFNVREL8FPN</value></field_value><field_value id="8"><value>N/A</value></field_value><field_value id="7"><value>0</value></field_value><field_value id="6"><value>1435274370</value></field_value><field_value id="600000043"/><field_value id="5"><value>Demo</value></field_value><field_value id="760000804"><value>KS7b6aea651793284a0627afb92c61c095d</value></field_value><field_value id="4"/><field_value id="600000042"/><field_value id="760000803"/><field_value id="3"><value>1434154031</value></field_value><field_value id="760000802"/><field_value id="2"><value>Demo</value></field_value><field_value id="760000801"><value>IDHAA5V0HJEMVANPU85KFNY7S68FYP</value></field_value><field_value id="1"><value>000000000001456</value></field_value><field_value id="760000800"><value>Custom</value></field_value></entry></instance></xform></arsystem_xml_report>