<?xml version="1.0" encoding="UTF-8"?>
<arsystem_xml_report><xform id="KS_SRV_ContentEvents" remedy="http://www.w3.org/2000/xforms"><instance><field-info><field><name>Also require</name><id>700001682</id><type>ENUM</type></field><field><name>Parameters_Right</name><id>700001681</id><type>CHAR</type></field><field><name>Parameters_Left</name><id>700001680</id><type>CHAR</type></field><field><name>_Next</name><id>700001239</id><type>INTEGER</type></field><field><name>_DisplayedQualificationParams</name><id>536870916</id><type>CHAR</type></field><field><name>EventName</name><id>700001202</id><type>CHAR</type></field><field><name>_ActionTwo</name><id>600000043</id><type>CHAR</type></field><field><name>_ActionOne</name><id>600000042</id><type>CHAR</type></field><field><name>_Parameters_Left_Temp</name><id>770006505</id><type>CHAR</type></field><field><name>_SortOrderOffset</name><id>700002400</id><type>INTEGER</type></field><field><name>Dialog View Name</name><id>700004587</id><type>CHAR</type></field><field><name>Bridge_Resource Id</name><id>710060809</id><type>CHAR</type></field><field><name>Right Action Code</name><id>700004585</id><type>CHAR</type></field><field><name>Notes</name><id>770006500</id><type>CHAR</type></field><field><name>Left Action Code</name><id>700004584</id><type>CHAR</type></field><field><name>Type</name><id>700001000</id><type>ENUM</type></field><field><name>ClientSideEvent InstanceId</name><id>700004583</id><type>CHAR</type></field><field><name>_SortOrderField_ID</name><id>70000088</id><type>CHAR</type></field><field><name>Name</name><id>700004582</id><type>CHAR</type></field><field><name>_EventInstanceField_ID</name><id>700002304</id><type>CHAR</type></field><field><name>_ValueField_ID</name><id>70000087</id><type>CHAR</type></field><field><name>PageInstanceId</name><id>700002303</id><type>CHAR</type></field><field><name>AlertOnNoMatchMessage</name><id>770006407</id><type>CHAR</type></field><field><name>Sort_Order</name><id>700073250</id><type>INTEGER</type></field><field><name>_CurrentListValue</name><id>70000085</id><type>CHAR</type></field><field><name>AlertOnNoMatch</name><id>770006406</id><type>ENUM</type></field><field><name>Use_Data_Source</name><id>760001307</id><type>ENUM</type></field><field><name>NullOnNoMatch</name><id>770006405</id><type>ENUM</type></field><field><name>_FormID</name><id>70000083</id><type>CHAR</type></field><field><name>Short Description</name><id>8</id><type>CHAR</type></field><field><name>_ITemInstanceID_Field_ID</name><id>70000082</id><type>CHAR</type></field><field><name>Status</name><id>7</id><type>ENUM</type></field><field><name>Modified Date</name><id>6</id><type>TIME</type></field><field><name>Event_Status</name><id>770006401</id><type>ENUM</type></field><field><name>_label_attribute</name><id>760000803</id><type>CHAR</type></field><field><name>_Last</name><id>700002239</id><type>INTEGER</type></field><field><name>Last Modified By</name><id>5</id><type>CHAR</type></field><field><name>_value_attribute</name><id>760000802</id><type>CHAR</type></field><field><name>Assigned To</name><id>4</id><type>CHAR</type></field><field><name>Create Date</name><id>3</id><type>TIME</type></field><field><name>Submitter</name><id>2</id><type>CHAR</type></field><field><name>Request ID</name><id>1</id><type>CHAR</type></field><field><name>OperationID</name><id>490000700</id><type>CHAR</type></field><field><name>Action</name><id>700004642</id><type>CHAR</type></field><field><name>_Multi-Purpose</name><id>600000090</id><type>CHAR</type></field><field><name>Callback Handler</name><id>700001698</id><type>CHAR</type></field><field><name>Callback Element Id</name><id>700001697</id><type>CHAR</type></field><field><name>Confirmation Message</name><id>700001696</id><type>CHAR</type></field><field><name>_ItemAppliedSortOrder</name><id>700001056</id><type>INTEGER</type></field><field><name>Display Confirmation Dialog</name><id>700001695</id><type>ENUM</type></field><field><name>_ItemAppliedInstanceID</name><id>700001055</id><type>CHAR</type></field><field><name>UseGetEntry</name><id>700001691</id><type>ENUM</type></field><field><name>Event_Code</name><id>700001690</id><type>CHAR</type></field><field><name>QuestionInstanceID</name><id>700000230</id><type>CHAR</type></field><field><name>SortOrderChangeTo</name><id>700001212</id><type>INTEGER</type></field><field><name>instanceId</name><id>179</id><type>CHAR</type></field><field><name>Element_Type</name><id>700007000</id><type>ENUM</type></field><field><name>If_Expression_TableDisplay</name><id>700081207</id><type>CHAR</type></field><field><name>_Element_ID</name><id>700004955</id><type>CHAR</type></field><field><name>Parent_Element_Type</name><id>700081202</id><type>ENUM</type></field><field><name>SimpleDataRequest Instance ID</name><id>700004630</id><type>CHAR</type></field><field><name>Synchronous</name><id>700001687</id><type>ENUM</type></field><field><name>Timeout</name><id>700001686</id><type>INTEGER</type></field><field><name>Clone_SourceInstanceID</name><id>700001046</id><type>CHAR</type></field><field><name>If_Expression</name><id>700001685</id><type>CHAR</type></field><field><name>_OrigQuestionInstanceID</name><id>700001045</id><type>CHAR</type></field><field><name>FireChangeEvent</name><id>770000400</id><type>ENUM</type></field><field><name>_OrigSurveyInstanceID</name><id>700001044</id><type>CHAR</type></field><field><name>_ActionThree</name><id>700001043</id><type>CHAR</type></field><field><name>SurveyInstanceID</name><id>700000800</id><type>CHAR</type></field><field><name>Also make optional</name><id>700001683</id><type>ENUM</type></field></field-info><entry id="000000000001183"><field_value id="700001682"/><field_value id="700001681"/><field_value id="700001680"><value>"KS2792bd2ca4c61f8134bcde72c79559946":{"KS2792bd2ca4c61f8134bcde72c79559946":"&lt;FLD&gt;Department;200000006&lt;/FLD&gt; ","visible":"Yes","sort_order":"1","table_label":"","fire":"false"}, "KSf1a91dbc84b6b77c694b19a18df3d4e3b":{"KSf1a91dbc84b6b77c694b19a18df3d4e3b":"&lt;FLD&gt;Email;260000002&lt;/FLD&gt; ","visible":"Yes","sort_order":"2","table_label":"","fire":"false"}, "KSb33554f0ab1a5955738fed89bf9ebefcd":{"KSb33554f0ab1a5955738fed89bf9ebefcd":"&lt;FLD&gt;First Name;240000004&lt;/FLD&gt; ","visible":"Yes","sort_order":"3","table_label":"","fire":"false"}, "KS50db3e8e4e506d6fc345cece6f970268d":{"KS50db3e8e4e506d6fc345cece6f970268d":"&lt;FLD&gt;Last Name;240000003&lt;/FLD&gt; ","visible":"Yes","sort_order":"4","table_label":"","fire":"false"}, "KS6e60ffcbf5a477669e4136d9b7f134b41":{"KS6e60ffcbf5a477669e4136d9b7f134b41":"&lt;FLD&gt;AR Login;240000005&lt;/FLD&gt; ","visible":"Yes","sort_order":"5","table_label":"","fire":"false"}, "KSee8bb76af6f271ceaaad14824b4d05c88":{"KSee8bb76af6f271ceaaad14824b4d05c88":"&lt;FLD&gt;Region;200000012&lt;/FLD&gt; ","visible":"Yes","sort_order":"6","table_label":"","fire":"false"}, "KSf9b55092dd76e0c8fd755c247e6834828":{"KSf9b55092dd76e0c8fd755c247e6834828":"&lt;FLD&gt;Phone Number;240000002&lt;/FLD&gt; ","visible":"Yes","sort_order":"7","table_label":"","fire":"false"}</value></field_value><field_value id="700001239"/><field_value id="536870916"><value>'&lt;FLD&gt;Search By Last Name;KS43a35d26e48ee43a3ba132d1042b540f6;ANSWER&lt;/FLD&gt;'</value></field_value><field_value id="700001202"><value>click</value></field_value><field_value id="600000043"/><field_value id="600000042"/><field_value id="770006505"/><field_value id="700002400"/><field_value id="700004587"><value>Set Fields - External</value></field_value><field_value id="710060809"/><field_value id="700004585"/><field_value id="770006500"/><field_value id="700004584"><value>KD.utils.Action._setFieldValues</value></field_value><field_value id="700001000"/><field_value id="700004583"><value>AG000C29497A1AKQ2cRQavJ8BgxgIA</value></field_value><field_value id="70000088"/><field_value id="700004582"><value>People Search</value></field_value><field_value id="700002304"/><field_value id="70000087"/><field_value id="700002303"><value>KS7ed45018aeafe049b9d0857b641803b2f</value></field_value><field_value id="770006407"/><field_value id="700073250"><value>1</value></field_value><field_value id="70000085"/><field_value id="770006406"/><field_value id="760001307"/><field_value id="770006405"/><field_value id="70000083"/><field_value id="8"><value>na</value></field_value><field_value id="70000082"/><field_value id="7"><value>0</value></field_value><field_value id="6"><value>1432241430</value></field_value><field_value id="770006401"><value>1</value></field_value><field_value id="760000803"/><field_value id="700002239"/><field_value id="5"><value>Demo</value></field_value><field_value id="760000802"/><field_value id="4"/><field_value id="3"><value>1431670995</value></field_value><field_value id="2"><value>Demo</value></field_value><field_value id="1"><value>000000000001183</value></field_value><field_value id="490000700"><value>IDHAA5V0HJEMVANOP8NQCFJAY5GTFD</value></field_value><field_value id="700004642"><value>Set Fields - External</value></field_value><field_value id="600000090"/><field_value id="700001698"/><field_value id="700001697"/><field_value id="700001696"><value>Are you sure?</value></field_value><field_value id="700001056"/><field_value id="700001695"/><field_value id="700001055"/><field_value id="700001691"/><field_value id="700001690"><value>clientManager.addAction(new KD.utils.ClientAction({elementId:'KSf8ff05bf9b465bae23b15fdbd88b70ab0', jsEvent:'click', source:'', action:KD.utils.Action._setFieldValues, ifExpr:'1==1', actionId:'KS9c059c285febb99482b196a560daf8f9e', synchronous:false, timeout:0, params:[['&lt;FLD&gt;Search By Last Name;KS43a35d26e48ee43a3ba132d1042b540f6;ANSWER&lt;/FLD&gt;'],'{"SetFields":[{"KS2792bd2ca4c61f8134bcde72c79559946":{"KS2792bd2ca4c61f8134bcde72c79559946":"&lt;FLD&gt;Department;200000006&lt;/FLD&gt; ","visible":"Yes","sort_order":"1","table_label":"","fire":"false"}, "KSf1a91dbc84b6b77c694b19a18df3d4e3b":{"KSf1a91dbc84b6b77c694b19a18df3d4e3b":"&lt;FLD&gt;Email;260000002&lt;/FLD&gt; ","visible":"Yes","sort_order":"2","table_label":"","fire":"false"}, "KSb33554f0ab1a5955738fed89bf9ebefcd":{"KSb33554f0ab1a5955738fed89bf9ebefcd":"&lt;FLD&gt;First Name;240000004&lt;/FLD&gt; ","visible":"Yes","sort_order":"3","table_label":"","fire":"false"}, "KS50db3e8e4e506d6fc345cece6f970268d":{"KS50db3e8e4e506d6fc345cece6f970268d":"&lt;FLD&gt;Last Name;240000003&lt;/FLD&gt; ","visible":"Yes","sort_order":"4","table_label":"","fire":"false"}, "KS6e60ffcbf5a477669e4136d9b7f134b41":{"KS6e60ffcbf5a477669e4136d9b7f134b41":"&lt;FLD&gt;AR Login;240000005&lt;/FLD&gt; ","visible":"Yes","sort_order":"5","table_label":"","fire":"false"}, "KSee8bb76af6f271ceaaad14824b4d05c88":{"KSee8bb76af6f271ceaaad14824b4d05c88":"&lt;FLD&gt;Region;200000012&lt;/FLD&gt; ","visible":"Yes","sort_order":"6","table_label":"","fire":"false"}, "KSf9b55092dd76e0c8fd755c247e6834828":{"KSf9b55092dd76e0c8fd755c247e6834828":"&lt;FLD&gt;Phone Number;240000002&lt;/FLD&gt; ","visible":"Yes","sort_order":"7","table_label":"","fire":"false"}}]}']}));</value></field_value><field_value id="700000230"><value>KSf8ff05bf9b465bae23b15fdbd88b70ab0</value></field_value><field_value id="700001212"/><field_value id="179"><value>KS293cab515724d98fb4c394c047afb63c9</value></field_value><field_value id="700007000"/><field_value id="700081207"><value>1==1</value></field_value><field_value id="700004955"/><field_value id="700081202"><value>6</value></field_value><field_value id="700004630"><value>KS9c059c285febb99482b196a560daf8f9e</value></field_value><field_value id="700001687"/><field_value id="700001686"><value>0</value></field_value><field_value id="700001046"/><field_value id="700001685"><value>1==1</value></field_value><field_value id="700001045"/><field_value id="770000400"/><field_value id="700001044"/><field_value id="700001043"/><field_value id="700000800"><value>KS7b6aea651793284a0627afb92c61c095d</value></field_value><field_value id="700001683"/></entry><entry id="000000000001189"><field_value id="700001682"/><field_value id="700001681"/><field_value id="700001680"><value>performBridgeRequest(peopleTables.requestedForTableConfig);</value></field_value><field_value id="700001239"/><field_value id="536870916"/><field_value id="700001202"><value>click</value></field_value><field_value id="600000043"/><field_value id="600000042"/><field_value id="770006505"/><field_value id="700002400"/><field_value id="700004587"><value>Custom</value></field_value><field_value id="710060809"><value>IDHAA5V0HJEMVANOP8P0CF0HT2GTI8</value></field_value><field_value id="700004585"/><field_value id="770006500"/><field_value id="700004584"><value>KD.utils.Action._customAction</value></field_value><field_value id="700001000"/><field_value id="700004583"><value>AG000C29497A1AuWClRQz13rKgcxoA</value></field_value><field_value id="70000088"/><field_value id="700004582"><value>Bridge Test</value></field_value><field_value id="700002304"/><field_value id="70000087"/><field_value id="700002303"><value>KS7ed45018aeafe049b9d0857b641803b2f</value></field_value><field_value id="770006407"/><field_value id="700073250"><value>2</value></field_value><field_value id="70000085"/><field_value id="770006406"/><field_value id="760001307"><value>0</value></field_value><field_value id="770006405"/><field_value id="70000083"/><field_value id="8"><value>na</value></field_value><field_value id="70000082"/><field_value id="7"><value>0</value></field_value><field_value id="6"><value>1432242195</value></field_value><field_value id="770006401"><value>0</value></field_value><field_value id="760000803"/><field_value id="700002239"/><field_value id="5"><value>Demo</value></field_value><field_value id="760000802"/><field_value id="4"/><field_value id="3"><value>1432241493</value></field_value><field_value id="2"><value>Demo</value></field_value><field_value id="1"><value>000000000001189</value></field_value><field_value id="490000700"><value>IDHAA5V0HJEMVANOP9IUCFP1OIGVMR</value></field_value><field_value id="700004642"><value>Custom</value></field_value><field_value id="600000090"/><field_value id="700001698"/><field_value id="700001697"/><field_value id="700001696"/><field_value id="700001056"/><field_value id="700001695"/><field_value id="700001055"/><field_value id="700001691"/><field_value id="700001690"><value>clientManager.addAction(new KD.utils.ClientAction({elementId:'KSf8ff05bf9b465bae23b15fdbd88b70ab0', jsEvent:'click', source:'bridge', action:KD.utils.Action._customAction, ifExpr:'', actionId:'IDHAA5V0HJEMVANOP8P0CF0HT2GTI8', params:["performBridgeRequest(peopleTables.requestedForTableConfig);"]}));</value></field_value><field_value id="700000230"><value>KSf8ff05bf9b465bae23b15fdbd88b70ab0</value></field_value><field_value id="700001212"/><field_value id="179"><value>IDHAA5V0HJEMVANOP8P0CF0HT5GTIK</value></field_value><field_value id="700007000"/><field_value id="700081207"/><field_value id="700004955"/><field_value id="700081202"><value>6</value></field_value><field_value id="700004630"/><field_value id="700001687"/><field_value id="700001686"><value>0</value></field_value><field_value id="700001046"/><field_value id="700001685"/><field_value id="700001045"/><field_value id="770000400"/><field_value id="700001044"/><field_value id="700001043"/><field_value id="700000800"><value>KS7b6aea651793284a0627afb92c61c095d</value></field_value><field_value id="700001683"/></entry><entry id="000000000001194"><field_value id="700001682"/><field_value id="700001681"/><field_value id="700001680"/><field_value id="700001239"/><field_value id="536870916"/><field_value id="700001202"><value>*custom*</value></field_value><field_value id="600000043"/><field_value id="600000042"/><field_value id="770006505"/><field_value id="700002400"/><field_value id="700004587"><value>Custom</value></field_value><field_value id="710060809"><value>IDHAA5V0HJEMVANPCP8121N0TFB4OH</value></field_value><field_value id="700004585"/><field_value id="770006500"/><field_value id="700004584"><value>KD.utils.Action._customAction</value></field_value><field_value id="700001000"/><field_value id="700004583"><value>AG000C29497A1AuWClRQz13rKgcxoA</value></field_value><field_value id="70000088"/><field_value id="700004582"><value>Bind Bridge</value></field_value><field_value id="700002304"/><field_value id="70000087"/><field_value id="700002303"><value>KS7ed45018aeafe049b9d0857b641803b2f</value></field_value><field_value id="770006407"/><field_value id="700073250"><value>1</value></field_value><field_value id="70000085"/><field_value id="770006406"/><field_value id="760001307"><value>0</value></field_value><field_value id="770006405"/><field_value id="70000083"/><field_value id="8"><value>na</value></field_value><field_value id="70000082"/><field_value id="7"><value>0</value></field_value><field_value id="6"><value>1432856835</value></field_value><field_value id="770006401"><value>0</value></field_value><field_value id="760000803"/><field_value id="700002239"/><field_value id="5"><value>Demo</value></field_value><field_value id="760000802"/><field_value id="4"/><field_value id="3"><value>1432856835</value></field_value><field_value id="2"><value>Demo</value></field_value><field_value id="1"><value>000000000001194</value></field_value><field_value id="490000700"><value>KSHAA5V0HJEMVANPCP8D21NDXIB4NC</value></field_value><field_value id="700004642"><value>Custom</value></field_value><field_value id="600000090"/><field_value id="700001698"/><field_value id="700001697"/><field_value id="700001696"/><field_value id="700001056"/><field_value id="700001695"/><field_value id="700001055"/><field_value id="700001691"/><field_value id="700001690"><value>clientManager.addAction(new KD.utils.ClientAction({elementId:'KSHAA5V0HJEMVANOR2RUDKJ9A318PZ', jsEvent:'*custom*', source:'bridge', action:KD.utils.Action._customAction, ifExpr:'', actionId:'IDHAA5V0HJEMVANPCP8121N0TFB4OH', params:''}));</value></field_value><field_value id="700000230"><value>KSHAA5V0HJEMVANOR2RUDKJ9A318PZ</value></field_value><field_value id="700001212"/><field_value id="179"><value>IDHAA5V0HJEMVANPCP8121N0TJB4OJ</value></field_value><field_value id="700007000"/><field_value id="700081207"/><field_value id="700004955"/><field_value id="700081202"><value>6</value></field_value><field_value id="700004630"/><field_value id="700001687"/><field_value id="700001686"><value>0</value></field_value><field_value id="700001046"/><field_value id="700001685"/><field_value id="700001045"/><field_value id="770000400"/><field_value id="700001044"/><field_value id="700001043"/><field_value id="700000800"><value>KS7b6aea651793284a0627afb92c61c095d</value></field_value><field_value id="700001683"/></entry><entry id="000000000001195"><field_value id="700001682"/><field_value id="700001681"/><field_value id="700001680"/><field_value id="700001239"/><field_value id="536870916"/><field_value id="700001202"><value>click</value></field_value><field_value id="600000043"/><field_value id="600000042"/><field_value id="770006505"/><field_value id="700002400"/><field_value id="700004587"><value>Custom</value></field_value><field_value id="710060809"><value>IDHAA5V0HJEMVANPCSKF24ABCUBNFA</value></field_value><field_value id="700004585"/><field_value id="770006500"/><field_value id="700004584"><value>KD.utils.Action._customAction</value></field_value><field_value id="700001000"/><field_value id="700004583"><value>AG000C29497A1AuWClRQz13rKgcxoA</value></field_value><field_value id="70000088"/><field_value id="700004582"><value>Bridge</value></field_value><field_value id="700002304"/><field_value id="70000087"/><field_value id="700002303"><value>KS7ed45018aeafe049b9d0857b641803b2f</value></field_value><field_value id="770006407"/><field_value id="700073250"><value>3</value></field_value><field_value id="70000085"/><field_value id="770006406"/><field_value id="760001307"><value>0</value></field_value><field_value id="770006405"/><field_value id="70000083"/><field_value id="8"><value>na</value></field_value><field_value id="70000082"/><field_value id="7"><value>0</value></field_value><field_value id="6"><value>1432931125</value></field_value><field_value id="770006401"><value>0</value></field_value><field_value id="760000803"/><field_value id="700002239"/><field_value id="5"><value>Demo</value></field_value><field_value id="760000802"/><field_value id="4"/><field_value id="3"><value>1432860796</value></field_value><field_value id="2"><value>Demo</value></field_value><field_value id="1"><value>000000000001195</value></field_value><field_value id="490000700"><value>KSHAA5V0HJEMVANPCS9T23ZRZUBNDL</value></field_value><field_value id="700004642"><value>Custom</value></field_value><field_value id="600000090"/><field_value id="700001698"/><field_value id="700001697"/><field_value id="700001696"/><field_value id="700001056"/><field_value id="700001695"/><field_value id="700001055"/><field_value id="700001691"/><field_value id="700001690"><value>clientManager.addAction(new KD.utils.ClientAction({elementId:'KSHAA5V0HJEMVANOR2RUDKJ9A318PZ', jsEvent:'click', source:'bridge', action:KD.utils.Action._customAction, ifExpr:'', actionId:'IDHAA5V0HJEMVANPCSKF24ABCUBNFA', params:''}));</value></field_value><field_value id="700000230"><value>KSHAA5V0HJEMVANOR2RUDKJ9A318PZ</value></field_value><field_value id="700001212"/><field_value id="179"><value>IDHAA5V0HJEMVANPCSKF24ABCWBNFC</value></field_value><field_value id="700007000"/><field_value id="700081207"/><field_value id="700004955"/><field_value id="700081202"><value>6</value></field_value><field_value id="700004630"/><field_value id="700001687"/><field_value id="700001686"><value>0</value></field_value><field_value id="700001046"/><field_value id="700001685"/><field_value id="700001045"/><field_value id="770000400"/><field_value id="700001044"/><field_value id="700001043"/><field_value id="700000800"><value>KS7b6aea651793284a0627afb92c61c095d</value></field_value><field_value id="700001683"/></entry><entry id="000000000001196"><field_value id="700001682"/><field_value id="700001681"/><field_value id="700001680"/><field_value id="700001239"/><field_value id="536870916"/><field_value id="700001202"><value>click</value></field_value><field_value id="600000043"/><field_value id="600000042"/><field_value id="770006505"/><field_value id="700002400"/><field_value id="700004587"><value>Custom</value></field_value><field_value id="710060809"><value>IDHAA5V0HJEMVANPE0TW39V9Z6FJIX</value></field_value><field_value id="700004585"/><field_value id="770006500"/><field_value id="700004584"><value>KD.utils.Action._customAction</value></field_value><field_value id="700001000"/><field_value id="700004583"><value>AG000C29497A1AuWClRQz13rKgcxoA</value></field_value><field_value id="70000088"/><field_value id="700004582"><value>Bind Bridge</value></field_value><field_value id="700002304"/><field_value id="70000087"/><field_value id="700002303"><value>KS7ed45018aeafe049b9d0857b641803b2f</value></field_value><field_value id="770006407"/><field_value id="700073250"><value>2</value></field_value><field_value id="70000085"/><field_value id="770006406"/><field_value id="760001307"><value>0</value></field_value><field_value id="770006405"/><field_value id="70000083"/><field_value id="8"><value>na</value></field_value><field_value id="70000082"/><field_value id="7"><value>0</value></field_value><field_value id="6"><value>1432931125</value></field_value><field_value id="770006401"><value>0</value></field_value><field_value id="760000803"/><field_value id="700002239"/><field_value id="5"><value>Demo</value></field_value><field_value id="760000802"/><field_value id="4"/><field_value id="3"><value>1432931125</value></field_value><field_value id="2"><value>Demo</value></field_value><field_value id="1"><value>000000000001196</value></field_value><field_value id="490000700"><value>KSHAA5V0HJEMVANPE0SU39UQL0FJG1</value></field_value><field_value id="700004642"><value>Custom</value></field_value><field_value id="600000090"/><field_value id="700001698"/><field_value id="700001697"/><field_value id="700001696"/><field_value id="700001056"/><field_value id="700001695"/><field_value id="700001055"/><field_value id="700001691"/><field_value id="700001690"><value>clientManager.addAction(new KD.utils.ClientAction({elementId:'KSHAA5V0HJEMVANOR2RUDKJ9A318PZ', jsEvent:'click', source:'bridge', action:KD.utils.Action._customAction, ifExpr:'', actionId:'IDHAA5V0HJEMVANPE0TW39V9Z6FJIX', params:''}));</value></field_value><field_value id="700000230"><value>KSHAA5V0HJEMVANOR2RUDKJ9A318PZ</value></field_value><field_value id="700001212"/><field_value id="179"><value>IDHAA5V0HJEMVANPE0TW39V9ZKFJIZ</value></field_value><field_value id="700007000"/><field_value id="700081207"/><field_value id="700004955"/><field_value id="700081202"><value>6</value></field_value><field_value id="700004630"/><field_value id="700001687"/><field_value id="700001686"><value>0</value></field_value><field_value id="700001046"/><field_value id="700001685"/><field_value id="700001045"/><field_value id="770000400"/><field_value id="700001044"/><field_value id="700001043"/><field_value id="700000800"><value>KS7b6aea651793284a0627afb92c61c095d</value></field_value><field_value id="700001683"/></entry><entry id="000000000001231"><field_value id="700001682"/><field_value id="700001681"/><field_value id="700001680"><value>/*Work around to set 'Login Id Paramter to clientManager.userName, which id availabe on jQuery ready when the object is declared.*/
KD.search.searchConfig.defaultContact.bridgeConfig.parameters['Login ID']=clientManager.userName;
/*Execute search objec*/
KD.search.executeTable('defaultContact');

/*Work around to set 'Login Id Paramter to clientManager.userName, which id availabe on jQuery ready when the object is declared.*/
KD.search.searchConfig.defaultRequestedFor.bridgeConfig.parameters['Login ID']=clientManager.userName;
/*Execute search objec*/
KD.search.executeTable('defaultRequestedFor');</value></field_value><field_value id="700001239"/><field_value id="536870916"/><field_value id="700001202"><value>load</value></field_value><field_value id="600000043"/><field_value id="600000042"/><field_value id="770006505"/><field_value id="700002400"/><field_value id="700004587"><value>Custom</value></field_value><field_value id="710060809"><value>IDHAA5V0HJEMVANPU85KFNY7QQ8FYN</value></field_value><field_value id="700004585"/><field_value id="770006500"/><field_value id="700004584"><value>KD.utils.Action._customAction</value></field_value><field_value id="700001000"/><field_value id="700004583"><value>AG000C29497A1AuWClRQz13rKgcxoA</value></field_value><field_value id="70000088"/><field_value id="700004582"><value>default Contact and Requested For</value></field_value><field_value id="700002304"/><field_value id="70000087"/><field_value id="700002303"><value>KS7ed45018aeafe049b9d0857b641803b2f</value></field_value><field_value id="770006407"/><field_value id="700073250"><value>1</value></field_value><field_value id="70000085"/><field_value id="770006406"/><field_value id="760001307"><value>0</value></field_value><field_value id="770006405"/><field_value id="70000083"/><field_value id="8"><value>na</value></field_value><field_value id="70000082"/><field_value id="7"><value>0</value></field_value><field_value id="6"><value>1435274370</value></field_value><field_value id="770006401"><value>1</value></field_value><field_value id="760000803"/><field_value id="700002239"/><field_value id="5"><value>Demo</value></field_value><field_value id="760000802"/><field_value id="4"/><field_value id="3"><value>1434154042</value></field_value><field_value id="2"><value>Demo</value></field_value><field_value id="1"><value>000000000001231</value></field_value><field_value id="490000700"><value>IDHAA5V0HJEMVANQ88WIOGZ2JKG8SW</value></field_value><field_value id="700004642"><value>Custom</value></field_value><field_value id="600000090"/><field_value id="700001698"/><field_value id="700001697"/><field_value id="700001696"/><field_value id="700001056"/><field_value id="700001695"/><field_value id="700001055"/><field_value id="700001691"/><field_value id="700001690"><value>KD.utils.Action._customAction(window, new KD.utils.ClientAction({elementId:'KS7ed45018aeafe049b9d0857b641803b2f', jsEvent:'load', source:'bridge', action:KD.utils.Action._customAction, ifExpr:'', actionId:'IDHAA5V0HJEMVANPU85KFNY7QQ8FYN', params:["/*Work around to set 'Login Id Paramter to clientManager.userName, which id availabe on jQuery ready when the object is declared.*/ KD.search.searchConfig.defaultContact.bridgeConfig.parameters['Login ID']=clientManager.userName; /*Execute search objec*/ KD.search.executeTable('defaultContact');  /*Work around to set 'Login Id Paramter to clientManager.userName, which id availabe on jQuery ready when the object is declared.*/ KD.search.searchConfig.defaultRequestedFor.bridgeConfig.parameters['Login ID']=clientManager.userName; /*Execute search objec*/ KD.search.executeTable('defaultRequestedFor');"]}));</value></field_value><field_value id="700000230"><value>KS7ed45018aeafe049b9d0857b641803b2f</value></field_value><field_value id="700001212"/><field_value id="179"><value>IDHAA5V0HJEMVANPU85KFNY7S68FYP</value></field_value><field_value id="700007000"/><field_value id="700081207"/><field_value id="700004955"/><field_value id="700081202"><value>0</value></field_value><field_value id="700004630"/><field_value id="700001687"/><field_value id="700001686"><value>0</value></field_value><field_value id="700001046"/><field_value id="700001685"/><field_value id="700001045"/><field_value id="770000400"/><field_value id="700001044"/><field_value id="700001043"/><field_value id="700000800"><value>KS7b6aea651793284a0627afb92c61c095d</value></field_value><field_value id="700001683"/></entry><entry id="000000000001886"><field_value id="700001682"/><field_value id="700001681"/><field_value id="700001680"><value>loadSearch();</value></field_value><field_value id="700001239"/><field_value id="536870916"/><field_value id="700001202"><value>load</value></field_value><field_value id="600000043"/><field_value id="600000042"/><field_value id="770006505"/><field_value id="700002400"/><field_value id="700004587"><value>Custom</value></field_value><field_value id="710060809"><value>IDHAA5V0HJEMVANQ88VUOGZBUPG8R5</value></field_value><field_value id="700004585"/><field_value id="770006500"/><field_value id="700004584"><value>KD.utils.Action._customAction</value></field_value><field_value id="700001000"/><field_value id="700004583"><value>AG000C29497A1AuWClRQz13rKgcxoA</value></field_value><field_value id="70000088"/><field_value id="700004582"><value>loadSearch</value></field_value><field_value id="700002304"/><field_value id="70000087"/><field_value id="700002303"><value>KS7ed45018aeafe049b9d0857b641803b2f</value></field_value><field_value id="770006407"/><field_value id="700073250"><value>2</value></field_value><field_value id="70000085"/><field_value id="770006406"/><field_value id="760001307"><value>0</value></field_value><field_value id="770006405"/><field_value id="70000083"/><field_value id="8"><value>na</value></field_value><field_value id="70000082"/><field_value id="7"><value>0</value></field_value><field_value id="6"><value>1435274355</value></field_value><field_value id="770006401"><value>0</value></field_value><field_value id="760000803"/><field_value id="700002239"/><field_value id="5"><value>Demo</value></field_value><field_value id="760000802"/><field_value id="4"/><field_value id="3"><value>1435274355</value></field_value><field_value id="2"><value>Demo</value></field_value><field_value id="1"><value>000000000001886</value></field_value><field_value id="490000700"><value>KSHAA5V0HJEMVANQ88NCOGSJTOG8JA</value></field_value><field_value id="700004642"><value>Custom</value></field_value><field_value id="600000090"/><field_value id="700001698"/><field_value id="700001697"/><field_value id="700001696"/><field_value id="700001056"/><field_value id="700001695"/><field_value id="700001055"/><field_value id="700001691"/><field_value id="700001690"><value>KD.utils.Action._customAction(window, new KD.utils.ClientAction({elementId:'KS7ed45018aeafe049b9d0857b641803b2f', jsEvent:'load', source:'bridge', action:KD.utils.Action._customAction, ifExpr:'', actionId:'IDHAA5V0HJEMVANQ88VUOGZBUPG8R5', params:["loadSearch();"]}));</value></field_value><field_value id="700000230"><value>KS7ed45018aeafe049b9d0857b641803b2f</value></field_value><field_value id="700001212"/><field_value id="179"><value>IDHAA5V0HJEMVANQ88VUOGZBUSG8R7</value></field_value><field_value id="700007000"/><field_value id="700081207"/><field_value id="700004955"/><field_value id="700081202"><value>0</value></field_value><field_value id="700004630"/><field_value id="700001687"/><field_value id="700001686"><value>0</value></field_value><field_value id="700001046"/><field_value id="700001685"/><field_value id="700001045"/><field_value id="770000400"/><field_value id="700001044"/><field_value id="700001043"/><field_value id="700000800"><value>KS7b6aea651793284a0627afb92c61c095d</value></field_value><field_value id="700001683"/></entry></instance></xform></arsystem_xml_report>