<?xml version="1.0" encoding="UTF-8"?>
<arsystem_xml_report><xform id="KS_SRV_SimpleDataRequest" remedy="http://www.w3.org/2000/xforms"><instance><field-info><field><name>Format</name><id>600000112</id><type>CHAR</type></field><field><name>Sort Order</name><id>700007051</id><type>CHAR</type></field><field><name>Form</name><id>600000300</id><type>CHAR</type></field><field><name>SortByField</name><id>700007050</id><type>CHAR</type></field><field><name>_ActionTwo</name><id>600000043</id><type>CHAR</type></field><field><name>_ActionOne</name><id>600000042</id><type>CHAR</type></field><field><name>Data_Set</name><id>700000829</id><type>CHAR</type></field><field><name>_Parameter5Value</name><id>600000109</id><type>CHAR</type></field><field><name>_Parameter4Value</name><id>600000108</id><type>CHAR</type></field><field><name>_DisplayedQualification</name><id>600000261</id><type>CHAR</type></field><field><name>_Parameter3Value</name><id>600000107</id><type>CHAR</type></field><field><name>Template ID</name><id>700001001</id><type>CHAR</type></field><field><name>_Parameter2Value</name><id>600000106</id><type>CHAR</type></field><field><name>Template Name</name><id>700001000</id><type>CHAR</type></field><field><name>_Parameter1Value</name><id>600000105</id><type>CHAR</type></field><field><name>_Encoded_URL</name><id>700009874</id><type>CHAR</type></field><field><name>PageInstanceId</name><id>700002303</id><type>CHAR</type></field><field><name>Short Description</name><id>8</id><type>CHAR</type></field><field><name>_Message_View</name><id>600000328</id><type>CHAR</type></field><field><name>Status</name><id>7</id><type>ENUM</type></field><field><name>Modified Date</name><id>6</id><type>TIME</type></field><field><name>_Message_Dialog</name><id>600000327</id><type>CHAR</type></field><field><name>Last Modified By</name><id>5</id><type>CHAR</type></field><field><name>_Message_Type</name><id>600000326</id><type>ENUM</type></field><field><name>Assigned To</name><id>4</id><type>CHAR</type></field><field><name>_Message_Text</name><id>600000325</id><type>CHAR</type></field><field><name>Create Date</name><id>3</id><type>TIME</type></field><field><name>Submitter</name><id>2</id><type>CHAR</type></field><field><name>_Multi-Purpose10</name><id>600000099</id><type>CHAR</type></field><field><name>Request ID</name><id>1</id><type>CHAR</type></field><field><name>_Message_Number</name><id>600000098</id><type>INTEGER</type></field><field><name>MaxEntries</name><id>700007040</id><type>INTEGER</type></field><field><name>_Multi-Purpose-Integer</name><id>600000097</id><type>INTEGER</type></field><field><name>_Multi-Purpose7</name><id>600000096</id><type>CHAR</type></field><field><name>OperationID</name><id>490000700</id><type>CHAR</type></field><field><name>_Multi-Purpose6</name><id>600000095</id><type>CHAR</type></field><field><name>_Multi-Purpose5</name><id>600000094</id><type>CHAR</type></field><field><name>_Multi-Purpose4</name><id>600000093</id><type>CHAR</type></field><field><name>_Multi-Purpose3</name><id>600000092</id><type>CHAR</type></field><field><name>_Multi-Purpose2</name><id>600000091</id><type>CHAR</type></field><field><name>_Multi-Purpose</name><id>600000090</id><type>CHAR</type></field><field><name>CategoryInstanceID</name><id>700001923</id><type>CHAR</type></field><field><name>_SourceSurveyID</name><id>700001953</id><type>CHAR</type></field><field><name>_SourceCategoryInstanceID</name><id>700001952</id><type>CHAR</type></field><field><name>_Multi-Purpose9</name><id>536870926</id><type>CHAR</type></field><field><name>FieldsAvailable</name><id>700007034</id><type>CHAR</type></field><field><name>instanceId</name><id>179</id><type>CHAR</type></field><field><name>_second_SC_location</name><id>700077905</id><type>INTEGER</type></field><field><name>_first_SC_location</name><id>700077904</id><type>INTEGER</type></field><field><name>_tmpSource</name><id>700077903</id><type>CHAR</type></field><field><name>AssigneeGroup</name><id>112</id><type>CHAR</type></field><field><name>_tempValueString</name><id>700077902</id><type>CHAR</type></field><field><name>_end_location</name><id>700077901</id><type>INTEGER</type></field><field><name>_start_location</name><id>700077900</id><type>INTEGER</type></field><field><name>Testing Mode</name><id>700000037</id><type>ENUM</type></field><field><name>_App Request ID</name><id>700000036</id><type>CHAR</type></field><field><name>_App Form Name</name><id>700000035</id><type>CHAR</type></field><field><name>QualificationString</name><id>700000034</id><type>CHAR</type></field><field><name>_Qualified?</name><id>700000002</id><type>CHAR</type></field><field><name>Category</name><id>600000500</id><type>CHAR</type></field><field><name>Event Name</name><id>700000030</id><type>CHAR</type></field><field><name>Clone_SourceInstanceID</name><id>700001046</id><type>CHAR</type></field><field><name>_ActionThree</name><id>700001043</id><type>CHAR</type></field></field-info><entry id="0000000283"><field_value id="600000112"/><field_value id="700007051"><value>Ascending</value></field_value><field_value id="600000300"><value>KS_SAMPLE_People</value></field_value><field_value id="700007050"><value>240000001;Full Name</value></field_value><field_value id="600000043"/><field_value id="600000042"/><field_value id="700000829"><value>SYSTEM_DEFAULTS</value></field_value><field_value id="600000109"/><field_value id="600000108"/><field_value id="600000261"/><field_value id="600000107"/><field_value id="700001001"><value>KS7b6aea651793284a0627afb92c61c095d</value></field_value><field_value id="600000106"/><field_value id="700001000"><value>Search Example</value></field_value><field_value id="600000105"/><field_value id="700009874"/><field_value id="700002303"/><field_value id="8"><value>na</value></field_value><field_value id="600000328"/><field_value id="7"><value>0</value></field_value><field_value id="6"><value>1437436691</value></field_value><field_value id="600000327"/><field_value id="5"><value>Demo</value></field_value><field_value id="600000326"/><field_value id="4"/><field_value id="600000325"/><field_value id="3"><value>1431670995</value></field_value><field_value id="2"><value>Demo</value></field_value><field_value id="600000099"/><field_value id="1"><value>0000000283</value></field_value><field_value id="600000098"/><field_value id="700007040"><value>100</value></field_value><field_value id="600000097"/><field_value id="600000096"/><field_value id="490000700"><value>IDHAA5V0HJEMVANOP8NQCFJAY5GTFD</value></field_value><field_value id="600000095"/><field_value id="600000094"/><field_value id="600000093"/><field_value id="600000092"/><field_value id="600000091"/><field_value id="600000090"/><field_value id="700001923"><value>KSa8281024e7e03634e0bfa7bb56d53b06fa</value></field_value><field_value id="700001953"/><field_value id="700001952"/><field_value id="536870926"/><field_value id="700007034"><value>200000006;Department, 260000002;Email, 240000004;First Name, 240000003;Last Name, 240000005;AR Login, 200000012;Region, 240000002;Phone Number</value></field_value><field_value id="179"><value>KS9c059c285febb99482b196a560daf8f9e</value></field_value><field_value id="700077905"/><field_value id="700077904"/><field_value id="700077903"/><field_value id="112"><value>0;</value></field_value><field_value id="700077902"/><field_value id="700077901"/><field_value id="700077900"/><field_value id="700000037"/><field_value id="700000036"/><field_value id="700000035"/><field_value id="700000034"><value>'Last Name'  LIKE "&lt;FLD&gt;Search By Last Name;KS43a35d26e48ee43a3ba132d1042b540f6;ANSWER&lt;/FLD&gt;%"</value></field_value><field_value id="700000002"/><field_value id="600000500"><value>Bright House</value></field_value><field_value id="700000030"><value>Client Side Event Set Fields - Search Buttons</value></field_value><field_value id="700001046"/><field_value id="700001043"/></entry></instance></xform></arsystem_xml_report>