<?xml version="1.0" encoding="UTF-8"?>
<arsystem_xml_report><xform id="KS_SRV_FieldMap" remedy="http://www.w3.org/2000/xforms"><instance><field-info><field><name>Mapping_Source</name><id>600000300</id><type>CHAR</type></field><field><name>_ActionTwo</name><id>600000043</id><type>CHAR</type></field><field><name>_ActionOne</name><id>600000042</id><type>CHAR</type></field><field><name>FormEventInstanceId</name><id>700008060</id><type>CHAR</type></field><field><name>_SortOrderOffset</name><id>700002400</id><type>INTEGER</type></field><field><name>Table_Label</name><id>700073257</id><type>CHAR</type></field><field><name>Visible_In_Table</name><id>700073251</id><type>ENUM</type></field><field><name>Sort_Order</name><id>700073250</id><type>INTEGER</type></field><field><name>Short Description</name><id>8</id><type>CHAR</type></field><field><name>Status</name><id>7</id><type>ENUM</type></field><field><name>Modified Date</name><id>6</id><type>TIME</type></field><field><name>Last Modified By</name><id>5</id><type>CHAR</type></field><field><name>Assigned To</name><id>4</id><type>CHAR</type></field><field><name>Create Date</name><id>3</id><type>TIME</type></field><field><name>Submitter</name><id>2</id><type>CHAR</type></field><field><name>Request ID</name><id>1</id><type>CHAR</type></field><field><name>OperationID</name><id>490000700</id><type>CHAR</type></field><field><name>_Multi-Purpose2</name><id>600000091</id><type>CHAR</type></field><field><name>_Multi-Purpose</name><id>600000090</id><type>CHAR</type></field><field><name>_SourceSurveyID</name><id>700001953</id><type>CHAR</type></field><field><name>SourceInstanceID</name><id>700000876</id><type>CHAR</type></field><field><name>Value_Short</name><id>700000875</id><type>CHAR</type></field><field><name>Map Type</name><id>700000874</id><type>CHAR</type></field><field><name>Value_Long</name><id>700000873</id><type>CHAR</type></field><field><name>Source_Field_ID</name><id>700000872</id><type>CHAR</type></field><field><name>SourceField_Label</name><id>700000871</id><type>CHAR</type></field><field><name>SortOrderChangeTo</name><id>700001212</id><type>INTEGER</type></field><field><name>instanceId</name><id>179</id><type>CHAR</type></field><field><name>_tempValueString</name><id>700077902</id><type>CHAR</type></field><field><name>_end_location</name><id>700077901</id><type>INTEGER</type></field><field><name>_start_location</name><id>700077900</id><type>INTEGER</type></field><field><name>Value_Escaped</name><id>770000404</id><type>CHAR</type></field><field><name>Bridged_Resource</name><id>770000403</id><type>ENUM</type></field><field><name>FireChangeImmediately</name><id>770000402</id><type>ENUM</type></field><field><name>Clone_SourceInstanceID</name><id>700001046</id><type>CHAR</type></field><field><name>IntegrationSource_instanceid</name><id>700000899</id><type>CHAR</type></field><field><name>FireChangeEvent</name><id>770000401</id><type>ENUM</type></field><field><name>FireChangeEventFlag</name><id>770000400</id><type>ENUM</type></field><field><name>_ActionThree</name><id>700001043</id><type>CHAR</type></field><field><name>SurveyInstanceID</name><id>700000800</id><type>CHAR</type></field></field-info><entry id="000000000001629"><field_value id="600000300"><value>KS_SAMPLE_People</value></field_value><field_value id="600000043"/><field_value id="600000042"/><field_value id="700008060"><value>KS293cab515724d98fb4c394c047afb63c9</value></field_value><field_value id="700002400"/><field_value id="700073257"/><field_value id="700073251"><value>0</value></field_value><field_value id="700073250"><value>1</value></field_value><field_value id="8"><value>na</value></field_value><field_value id="7"><value>0</value></field_value><field_value id="6"><value>1431670995</value></field_value><field_value id="5"><value>Demo</value></field_value><field_value id="4"/><field_value id="3"><value>1431670995</value></field_value><field_value id="2"><value>Demo</value></field_value><field_value id="1"><value>000000000001629</value></field_value><field_value id="490000700"/><field_value id="600000091"/><field_value id="600000090"/><field_value id="700001953"/><field_value id="700000876"><value>n/a</value></field_value><field_value id="700000875"><value>&lt;FLD&gt;Department;200000006&lt;/FLD&gt; </value></field_value><field_value id="700000874"><value>Inbound - External</value></field_value><field_value id="700000873"><value>&lt;FLD&gt;Department;200000006&lt;/FLD&gt; </value></field_value><field_value id="700000872"><value>KS2792bd2ca4c61f8134bcde72c79559946</value></field_value><field_value id="700000871"><value>ReqFor_Dept</value></field_value><field_value id="700001212"/><field_value id="179"><value>KS298170d2fda322dfbc034af24bf8a915d</value></field_value><field_value id="700077902"/><field_value id="700077901"/><field_value id="700077900"/><field_value id="770000404"/><field_value id="770000403"/><field_value id="770000402"/><field_value id="700001046"/><field_value id="700000899"><value>n/a</value></field_value><field_value id="770000401"><value>1</value></field_value><field_value id="770000400"/><field_value id="700001043"/><field_value id="700000800"><value>KS7b6aea651793284a0627afb92c61c095d</value></field_value></entry><entry id="000000000001630"><field_value id="600000300"><value>KS_SAMPLE_People</value></field_value><field_value id="600000043"/><field_value id="600000042"/><field_value id="700008060"><value>KS293cab515724d98fb4c394c047afb63c9</value></field_value><field_value id="700002400"/><field_value id="700073257"/><field_value id="700073251"><value>0</value></field_value><field_value id="700073250"><value>2</value></field_value><field_value id="8"><value>na</value></field_value><field_value id="7"><value>0</value></field_value><field_value id="6"><value>1431670995</value></field_value><field_value id="5"><value>Demo</value></field_value><field_value id="4"/><field_value id="3"><value>1431670995</value></field_value><field_value id="2"><value>Demo</value></field_value><field_value id="1"><value>000000000001630</value></field_value><field_value id="490000700"/><field_value id="600000091"/><field_value id="600000090"/><field_value id="700001953"/><field_value id="700000876"><value>n/a</value></field_value><field_value id="700000875"><value>&lt;FLD&gt;Email;260000002&lt;/FLD&gt; </value></field_value><field_value id="700000874"><value>Inbound - External</value></field_value><field_value id="700000873"><value>&lt;FLD&gt;Email;260000002&lt;/FLD&gt; </value></field_value><field_value id="700000872"><value>KSf1a91dbc84b6b77c694b19a18df3d4e3b</value></field_value><field_value id="700000871"><value>ReqFor_Email</value></field_value><field_value id="700001212"/><field_value id="179"><value>KS3c7c1907f850a65661b7af2a808c87158</value></field_value><field_value id="700077902"/><field_value id="700077901"/><field_value id="700077900"/><field_value id="770000404"/><field_value id="770000403"/><field_value id="770000402"/><field_value id="700001046"/><field_value id="700000899"><value>n/a</value></field_value><field_value id="770000401"><value>1</value></field_value><field_value id="770000400"/><field_value id="700001043"/><field_value id="700000800"><value>KS7b6aea651793284a0627afb92c61c095d</value></field_value></entry><entry id="000000000001631"><field_value id="600000300"><value>KS_SAMPLE_People</value></field_value><field_value id="600000043"/><field_value id="600000042"/><field_value id="700008060"><value>KS293cab515724d98fb4c394c047afb63c9</value></field_value><field_value id="700002400"/><field_value id="700073257"/><field_value id="700073251"><value>0</value></field_value><field_value id="700073250"><value>3</value></field_value><field_value id="8"><value>na</value></field_value><field_value id="7"><value>0</value></field_value><field_value id="6"><value>1431670995</value></field_value><field_value id="5"><value>Demo</value></field_value><field_value id="4"/><field_value id="3"><value>1431670995</value></field_value><field_value id="2"><value>Demo</value></field_value><field_value id="1"><value>000000000001631</value></field_value><field_value id="490000700"/><field_value id="600000091"/><field_value id="600000090"/><field_value id="700001953"/><field_value id="700000876"><value>n/a</value></field_value><field_value id="700000875"><value>&lt;FLD&gt;First Name;240000004&lt;/FLD&gt; </value></field_value><field_value id="700000874"><value>Inbound - External</value></field_value><field_value id="700000873"><value>&lt;FLD&gt;First Name;240000004&lt;/FLD&gt; </value></field_value><field_value id="700000872"><value>KSb33554f0ab1a5955738fed89bf9ebefcd</value></field_value><field_value id="700000871"><value>ReqFor_First Name</value></field_value><field_value id="700001212"/><field_value id="179"><value>KS60d960b6aa2994e5311b8f32b38a1deb2</value></field_value><field_value id="700077902"/><field_value id="700077901"/><field_value id="700077900"/><field_value id="770000404"/><field_value id="770000403"/><field_value id="770000402"/><field_value id="700001046"/><field_value id="700000899"><value>n/a</value></field_value><field_value id="770000401"><value>1</value></field_value><field_value id="770000400"/><field_value id="700001043"/><field_value id="700000800"><value>KS7b6aea651793284a0627afb92c61c095d</value></field_value></entry><entry id="000000000001632"><field_value id="600000300"><value>KS_SAMPLE_People</value></field_value><field_value id="600000043"/><field_value id="600000042"/><field_value id="700008060"><value>KS293cab515724d98fb4c394c047afb63c9</value></field_value><field_value id="700002400"/><field_value id="700073257"/><field_value id="700073251"><value>0</value></field_value><field_value id="700073250"><value>4</value></field_value><field_value id="8"><value>na</value></field_value><field_value id="7"><value>0</value></field_value><field_value id="6"><value>1431670995</value></field_value><field_value id="5"><value>Demo</value></field_value><field_value id="4"/><field_value id="3"><value>1431670995</value></field_value><field_value id="2"><value>Demo</value></field_value><field_value id="1"><value>000000000001632</value></field_value><field_value id="490000700"/><field_value id="600000091"/><field_value id="600000090"/><field_value id="700001953"/><field_value id="700000876"><value>n/a</value></field_value><field_value id="700000875"><value>&lt;FLD&gt;Last Name;240000003&lt;/FLD&gt; </value></field_value><field_value id="700000874"><value>Inbound - External</value></field_value><field_value id="700000873"><value>&lt;FLD&gt;Last Name;240000003&lt;/FLD&gt; </value></field_value><field_value id="700000872"><value>KS50db3e8e4e506d6fc345cece6f970268d</value></field_value><field_value id="700000871"><value>ReqFor_Last Name</value></field_value><field_value id="700001212"/><field_value id="179"><value>KS029f3103a83d8900f5afa7d53659c1f4f</value></field_value><field_value id="700077902"/><field_value id="700077901"/><field_value id="700077900"/><field_value id="770000404"/><field_value id="770000403"/><field_value id="770000402"/><field_value id="700001046"/><field_value id="700000899"><value>n/a</value></field_value><field_value id="770000401"><value>1</value></field_value><field_value id="770000400"/><field_value id="700001043"/><field_value id="700000800"><value>KS7b6aea651793284a0627afb92c61c095d</value></field_value></entry><entry id="000000000001633"><field_value id="600000300"><value>KS_SAMPLE_People</value></field_value><field_value id="600000043"/><field_value id="600000042"/><field_value id="700008060"><value>KS293cab515724d98fb4c394c047afb63c9</value></field_value><field_value id="700002400"/><field_value id="700073257"/><field_value id="700073251"><value>0</value></field_value><field_value id="700073250"><value>5</value></field_value><field_value id="8"><value>na</value></field_value><field_value id="7"><value>0</value></field_value><field_value id="6"><value>1431670995</value></field_value><field_value id="5"><value>Demo</value></field_value><field_value id="4"/><field_value id="3"><value>1431670995</value></field_value><field_value id="2"><value>Demo</value></field_value><field_value id="1"><value>000000000001633</value></field_value><field_value id="490000700"/><field_value id="600000091"/><field_value id="600000090"/><field_value id="700001953"/><field_value id="700000876"><value>n/a</value></field_value><field_value id="700000875"><value>&lt;FLD&gt;AR Login;240000005&lt;/FLD&gt; </value></field_value><field_value id="700000874"><value>Inbound - External</value></field_value><field_value id="700000873"><value>&lt;FLD&gt;AR Login;240000005&lt;/FLD&gt; </value></field_value><field_value id="700000872"><value>KS6e60ffcbf5a477669e4136d9b7f134b41</value></field_value><field_value id="700000871"><value>ReqFor_Login ID</value></field_value><field_value id="700001212"/><field_value id="179"><value>KS3a133e634bcda97193b278e1b61f44c8e</value></field_value><field_value id="700077902"/><field_value id="700077901"/><field_value id="700077900"/><field_value id="770000404"/><field_value id="770000403"/><field_value id="770000402"/><field_value id="700001046"/><field_value id="700000899"><value>n/a</value></field_value><field_value id="770000401"><value>1</value></field_value><field_value id="770000400"/><field_value id="700001043"/><field_value id="700000800"><value>KS7b6aea651793284a0627afb92c61c095d</value></field_value></entry><entry id="000000000001634"><field_value id="600000300"><value>KS_SAMPLE_People</value></field_value><field_value id="600000043"/><field_value id="600000042"/><field_value id="700008060"><value>KS293cab515724d98fb4c394c047afb63c9</value></field_value><field_value id="700002400"/><field_value id="700073257"/><field_value id="700073251"><value>0</value></field_value><field_value id="700073250"><value>6</value></field_value><field_value id="8"><value>na</value></field_value><field_value id="7"><value>0</value></field_value><field_value id="6"><value>1431670995</value></field_value><field_value id="5"><value>Demo</value></field_value><field_value id="4"/><field_value id="3"><value>1431670995</value></field_value><field_value id="2"><value>Demo</value></field_value><field_value id="1"><value>000000000001634</value></field_value><field_value id="490000700"/><field_value id="600000091"/><field_value id="600000090"/><field_value id="700001953"/><field_value id="700000876"><value>n/a</value></field_value><field_value id="700000875"><value>&lt;FLD&gt;Region;200000012&lt;/FLD&gt; </value></field_value><field_value id="700000874"><value>Inbound - External</value></field_value><field_value id="700000873"><value>&lt;FLD&gt;Region;200000012&lt;/FLD&gt; </value></field_value><field_value id="700000872"><value>KSee8bb76af6f271ceaaad14824b4d05c88</value></field_value><field_value id="700000871"><value>ReqFor_Org</value></field_value><field_value id="700001212"/><field_value id="179"><value>KSe93fef7167157de44e203f7e77adfb262</value></field_value><field_value id="700077902"/><field_value id="700077901"/><field_value id="700077900"/><field_value id="770000404"/><field_value id="770000403"/><field_value id="770000402"/><field_value id="700001046"/><field_value id="700000899"><value>n/a</value></field_value><field_value id="770000401"><value>1</value></field_value><field_value id="770000400"/><field_value id="700001043"/><field_value id="700000800"><value>KS7b6aea651793284a0627afb92c61c095d</value></field_value></entry><entry id="000000000001635"><field_value id="600000300"><value>KS_SAMPLE_People</value></field_value><field_value id="600000043"/><field_value id="600000042"/><field_value id="700008060"><value>KS293cab515724d98fb4c394c047afb63c9</value></field_value><field_value id="700002400"/><field_value id="700073257"/><field_value id="700073251"><value>0</value></field_value><field_value id="700073250"><value>7</value></field_value><field_value id="8"><value>na</value></field_value><field_value id="7"><value>0</value></field_value><field_value id="6"><value>1431670995</value></field_value><field_value id="5"><value>Demo</value></field_value><field_value id="4"/><field_value id="3"><value>1431670995</value></field_value><field_value id="2"><value>Demo</value></field_value><field_value id="1"><value>000000000001635</value></field_value><field_value id="490000700"/><field_value id="600000091"/><field_value id="600000090"/><field_value id="700001953"/><field_value id="700000876"><value>n/a</value></field_value><field_value id="700000875"><value>&lt;FLD&gt;Phone Number;240000002&lt;/FLD&gt; </value></field_value><field_value id="700000874"><value>Inbound - External</value></field_value><field_value id="700000873"><value>&lt;FLD&gt;Phone Number;240000002&lt;/FLD&gt; </value></field_value><field_value id="700000872"><value>KSf9b55092dd76e0c8fd755c247e6834828</value></field_value><field_value id="700000871"><value>ReqFor_Phone</value></field_value><field_value id="700001212"/><field_value id="179"><value>KS22b2cc4a05e1c2ecb4c167c853e1798ff</value></field_value><field_value id="700077902"/><field_value id="700077901"/><field_value id="700077900"/><field_value id="770000404"/><field_value id="770000403"/><field_value id="770000402"/><field_value id="700001046"/><field_value id="700000899"><value>n/a</value></field_value><field_value id="770000401"><value>1</value></field_value><field_value id="770000400"/><field_value id="700001043"/><field_value id="700000800"><value>KS7b6aea651793284a0627afb92c61c095d</value></field_value></entry></instance></xform></arsystem_xml_report>