<?xml version="1.0" encoding="UTF-8"?>
<arsystem_xml_report><xform id="KS_SRV_SurveyTemplate" remedy="http://www.w3.org/2000/xforms"><instance><field-info><field><name>Type</name><id>600000600</id><type>CHAR</type></field><field><name>Category</name><id>600000500</id><type>CHAR</type></field><field><name>_ActionThree</name><id>700001043</id><type>CHAR</type></field><field><name>Data_Set</name><id>700000829</id><type>CHAR</type></field><field><name>submitScript</name><id>700001498</id><type>CHAR</type></field><field><name>CategoryInstanceID</name><id>700001923</id><type>CHAR</type></field><field><name>_Next</name><id>700001239</id><type>INTEGER</type></field><field><name>_DefaultServlet</name><id>700002987</id><type>CHAR</type></field><field><name>CustomHeaderContent</name><id>70000100</id><type>CHAR</type></field><field><name>_Last</name><id>700002239</id><type>INTEGER</type></field><field><name>_Multi-Purpose12</name><id>600000101</id><type>CHAR</type></field><field><name>instanceId</name><id>179</id><type>CHAR</type></field><field><name>Display_Name</name><id>700002298</id><type>CHAR</type></field><field><name>AssigneeGroup</name><id>112</id><type>CHAR</type></field><field><name>Survey_Background_Color</name><id>700002297</id><type>CHAR</type></field><field><name>NextSurvey_InstanceID</name><id>700002296</id><type>CHAR</type></field><field><name>Anonymous_URL</name><id>700002489</id><type>CHAR</type></field><field><name>Application</name><id>700036000</id><type>CHAR</type></field><field><name>UseTaskEngine</name><id>700073501</id><type>ENUM</type></field><field><name>AllowAnonymous</name><id>700002486</id><type>ENUM</type></field><field><name>SubmitImmediately</name><id>700073500</id><type>ENUM</type></field><field><name>Last_Status</name><id>700073400</id><type>ENUM</type></field><field><name>LockedBy_ARSID</name><id>700073302</id><type>CHAR</type></field><field><name>LockedBy_Display</name><id>700073301</id><type>CHAR</type></field><field><name>Template_Locked</name><id>700073300</id><type>ENUM</type></field><field><name>Version</name><id>700071008</id><type>CHAR</type></field><field><name>_NewDisplayNameURL</name><id>700073202</id><type>CHAR</type></field><field><name>_NewSurveyDescription</name><id>700073201</id><type>CHAR</type></field><field><name>Locale</name><id>160</id><type>CHAR</type></field><field><name>_CloneInstanceID</name><id>700000414</id><type>CHAR</type></field><field><name>_NewSurveyName</name><id>700073200</id><type>CHAR</type></field><field><name>Priority</name><id>700061010</id><type>INTEGER</type></field><field><name>_Encoded_URL</name><id>700009874</id><type>CHAR</type></field><field><name>_ActionTwo</name><id>600000043</id><type>CHAR</type></field><field><name>_ActionOne</name><id>600000042</id><type>CHAR</type></field><field><name>Survey_Description</name><id>700001010</id><type>CHAR</type></field><field><name>MessageTemplateInstanceID</name><id>700001859</id><type>CHAR</type></field><field><name>Review_Request_JSP</name><id>702031804</id><type>CHAR</type></field><field><name>_Server_Version</name><id>702031803</id><type>CHAR</type></field><field><name>SubmissionAssigneeGroup</name><id>702031801</id><type>CHAR</type></field><field><name>Management Group</name><id>702031800</id><type>CHAR</type></field><field><name>Survey_Context</name><id>700002302</id><type>CHAR</type></field><field><name>Short Description</name><id>8</id><type>CHAR</type></field><field><name>Display_Page</name><id>700002301</id><type>CHAR</type></field><field><name>Status</name><id>7</id><type>ENUM</type></field><field><name>OriginalTemplateInstanceID</name><id>700001107</id><type>CHAR</type></field><field><name>Modified Date</name><id>6</id><type>TIME</type></field><field><name>Last Modified By</name><id>5</id><type>CHAR</type></field><field><name>CombineAnswers</name><id>700002268</id><type>ENUM</type></field><field><name>Assigned To</name><id>4</id><type>CHAR</type></field><field><name>Create Date</name><id>3</id><type>TIME</type></field><field><name>Submitter</name><id>2</id><type>CHAR</type></field><field><name>Message_Template</name><id>700001261</id><type>CHAR</type></field><field><name>_OpenSection</name><id>70000098</id><type>CHAR</type></field><field><name>SurveyID</name><id>1</id><type>CHAR</type></field><field><name>_OpenPage</name><id>70000097</id><type>CHAR</type></field><field><name>_ElementType</name><id>70000095</id><type>CHAR</type></field><field><name>_Multi-Purpose10</name><id>600000099</id><type>CHAR</type></field><field><name>_ElementTypeField_ID</name><id>70000094</id><type>CHAR</type></field><field><name>_Multi-Purpose9</name><id>600000098</id><type>CHAR</type></field><field><name>_Multi-Purpose7</name><id>600000096</id><type>CHAR</type></field><field><name>CustomerNotificationMethod</name><id>700001160</id><type>CHAR</type></field><field><name>_Multi-Purpose6</name><id>600000095</id><type>CHAR</type></field><field><name>Survey_Template_Name</name><id>700001000</id><type>CHAR</type></field><field><name>_Multi-Purpose5</name><id>600000094</id><type>CHAR</type></field><field><name>_Multi-Purpose4</name><id>600000093</id><type>CHAR</type></field><field><name>_Multi-Purpose3</name><id>600000092</id><type>CHAR</type></field><field><name>_Multi-Purpose2</name><id>600000091</id><type>CHAR</type></field><field><name>_ActionFour</name><id>700002000</id><type>CHAR</type></field><field><name>_Multi-Purpose</name><id>600000090</id><type>CHAR</type></field><field><name>Authentication_URL</name><id>700003002</id><type>CHAR</type></field><field><name>Require_Authentication</name><id>700003001</id><type>ENUM</type></field><field><name>Submissions Lockable By</name><id>700002458</id><type>CHAR</type></field><field><name>Authentication_Type</name><id>700003000</id><type>CHAR</type></field><field><name>Submissions Unlockable By</name><id>700002457</id><type>CHAR</type></field><field><name>Submissions Lock Expiration</name><id>700002456</id><type>CHAR</type></field><field><name>Submissions Lockable</name><id>700002455</id><type>CHAR</type></field><field><name>Header_Text_Style</name><id>600000320</id><type>CHAR</type></field><field><name>Web_Server_URL</name><id>700001259</id><type>CHAR</type></field><field><name>_ElementInstanceID</name><id>70000125</id><type>CHAR</type></field><field><name>_QuestionID</name><id>70000122</id><type>CHAR</type></field><field><name>_QuestionField_ID</name><id>70000121</id><type>CHAR</type></field><field><name>DeployNow</name><id>700002259</id><type>ENUM</type></field><field><name>_ReNumberValue</name><id>70000120</id><type>INTEGER</type></field><field><name>_AttachmentTypeField_ID</name><id>70000089</id><type>CHAR</type></field><field><name>_AttachmentFormNameField_ID</name><id>70000088</id><type>CHAR</type></field><field><name>_ValueField_ID</name><id>70000087</id><type>CHAR</type></field><field><name>_OrderField_ID</name><id>70000086</id><type>CHAR</type></field><field><name>_CurrentListValue</name><id>70000085</id><type>CHAR</type></field><field><name>_FormID</name><id>70000083</id><type>CHAR</type></field><field><name>_SurveyInstanceID_Field_ID</name><id>70000082</id><type>CHAR</type></field><field><name>Survey_Method</name><id>700001150</id><type>CHAR</type></field><field><name>_CurrentItem</name><id>70000081</id><type>CHAR</type></field><field><name>_ValuesApplied</name><id>70000080</id><type>CHAR</type></field><field><name>SpecialTemplate</name><id>702020010</id><type>CHAR</type></field><field><name>_AuditContext</name><id>600001020</id><type>CHAR</type></field></field-info><entry id="000000000000628"><field_value id="600000600"><value>Template</value></field_value><field_value id="600000500"><value>Bright House</value></field_value><field_value id="700001043"/><field_value id="700000829"><value>SYSTEM_DEFAULTS</value></field_value><field_value id="700001498"/><field_value id="700001923"><value>KSa8281024e7e03634e0bfa7bb56d53b06fa</value></field_value><field_value id="700001239"/><field_value id="700002987"/><field_value id="70000100"><value>&lt;script type='text/javascript' src='/kinetic/themes/brighthouse/libraries/kinetic-search/js/search.js'&gt;&lt;/script&gt;
&lt;link rel="stylesheet" type="text/css" href="/kinetic/themes/brighthouse/packages/catalog/assets/css/peopleSearch.css"&gt;

&lt;!-- DataTables CSS--&gt;
&lt;!-- &lt;link rel="stylesheet" type="text/css" href="/kinetic/themes/flyout/common/resources/DataTables-1.10.5/media/css/jquery.dataTables.css"&gt; 
&lt;link rel="stylesheet" type="text/css" href="//cdn.datatables.net/responsive/1.0.6/css/dataTables.responsive.css"&gt;
--&gt;
&lt;!-- DataTables CSS--&gt;
&lt;link rel="stylesheet" type="text/css" href="/kinetic/themes/brighthouse/libraries/datatables-1.10.7/media/css/jquery.dataTables.min.css"&gt; 
&lt;link rel="stylesheet" type="text/css" href="/kinetic/themes/brighthouse/libraries/datatables-responsive-plugin/dataTables.responsive.custom.css"&gt;

  
&lt;!-- DataTables--&gt;
&lt;!-- &lt;script type="text/javascript" charset="utf8" src="/kinetic/themes/flyout/common/resources/DataTables-1.10.5/media/js/jquery.dataTables.js"&gt;&lt;/script&gt;
&lt;script type="text/javascript" charset="utf8" src="//cdn.datatables.net/responsive/1.0.6/js/dataTables.responsive.js"&gt;&lt;/script&gt; 
--&gt;
&lt;!-- DataTables JS--&gt;
&lt;script type="text/javascript" charset="utf8" src="/kinetic/themes/brighthouse/libraries/datatables-1.10.7/media/js/jquery.dataTables.min.js"&gt;&lt;/script&gt;
&lt;script type="text/javascript" charset="utf8" src="/kinetic/themes/brighthouse/libraries/datatables-responsive-plugin/dataTables.responsive.js"&gt;&lt;/script&gt;

&lt;!-- JQuery UI--&gt;
&lt;link rel="stylesheet" type="text/css" href="ki/netic/themes/brighthouse/libraries/jquery/jquery-ui-1.10.3.custom.min.css" /&gt;
&lt;script src="/kinetic/themes/brighthouse/libraries/jquery/jquery-ui-1.10.3.custom.min.js"&gt;&lt;/script&gt;

&lt;!-- Font-Awesome --&gt;
&lt;link rel="stylesheet" href="/kinetic/themes/brighthouse/libraries/font-awesome/css/font-awesome.min.css"&gt;

&lt;script&gt;
function loadSearch() {

	//Append Slide Panel Dive
	$( ".content-slide" ).before("&lt;div class='search-slide' style='display:none; position: absolute;  top: 0;  bottom: 0;  left: 0;  height: 100%;  width: 100%;'&gt;&lt;/div&gt;");
	//Bind Events to Search Elements
	
	/*
	Bind Events to Search buttons
	The data attribute of searchconfig must be applied to each button inorder for events to properly work.
	The data attribute is used to indicate which searchConfig is used to search for values.	
	*/
	//Return Keypress in input (Not clickable if 'unclickable' class is set.)
	$(document).on('keypress', '.search-container:not(.unclickable) .someoneelse input',function(e) {
		if(e.which == 13) {
			KD.search.executeSearch($(this).closest('.search-btn').data('searchconfig'));
		}
	});
	//Click on search icon (Not clickable if 'unclickable' class is set in before function.)
	$(document).on('click', '.search-container:not(.unclickable) .fa-search', function(){
		KD.search.executeSearch($(this).closest('.search-btn').data('searchconfig'));
	});
	//Click on Myself (Not clickable if 'unclickable' class is set in before function.)
	$(document).on('click', '.search-container:not(.unclickable) .search-btn:not(.active).myself', function(){
		KD.search.executeSearch($(this).closest('.search-btn').data('searchconfig'));
	});

	//Bind events to toggle active class to disable elements while search is performing.
	//Also clears out values when a either myself or someone else is clicked
	//Only buttons which do not have the active or unclickable class applied.
	//Event is bound to all search buttons
	$(document).on('click', '.search-container:not(.unclickable) .search-btn:not(.active)', function(){
		$(this).parent().find('.search-btn').toggleClass(function() {
			var searchBtn = $(this).closest('.search-btn');
			// if the searchconfig data attribute is set on the element and the button is currently active.
			if(searchBtn.data('searchconfig') &amp;&amp; searchBtn.hasClass('active')){
				//Loop through each of question elements configured in the column obj and clear it to prep for new values
				$.each(KD.search.searchConfig[searchBtn.data('searchconfig')].columns, function(i,v){
					if(v.setQstn){
						KD.utils.Action.setQuestionValue(v.setQstn, "");
					}
				})
			}
			return "active";
		});
		if(!$(this).hasClass('someoneelse')){
			$('.someoneelse input').val('');
		}
	})

	//Function to toggle unclickable elements and spinning search icon
	//Used in several callbacks of searchConfig Objects
	function toggleUnclickable(o){
		$(o).children().find('.searching').toggle();
		$(o).toggleClass('unclickable');
		$(o).find('input').prop('disabled', function(i, v) { return !v; });
	}

	// Define Table objects or list Object and initialize them.
	KD.search.initialize({
		requestedForTableConfig:{
			//type: "BridgeDataTable" or "BridgeList".  Determines default values to be used and behavior.
			type: "BridgeDataTable",
			bridgeConfig:{
				model: "Person",
				qualification_mapping: "By First Name or Last Name or Full Name",
				//Params to be created and passed to the Bridge.  VALUE MUST BE JQUERY SELECTOR.
				parameters: {'Full Name': '#requested_for input','First Name': '#requested_for input','Last Name': '#requested_for input'},
				//CONFIGURE: Bridge Attributes to be returned
				attributes: ["First Name","Last Name","Email","Login Id","Work Phone Number"],
			},
			//Where to append the table
			appendTo: $('div.search-slide'),
			//ID to give the table when creating it.
			tableId: 'requestedForTable',
			//After the Table has been created.
			afterInit: function(){ //completeCallback
			},
			before: function(){ //before search
				toggleUnclickable($('#requested_for'));
			},
			// After Table Load
			loadedcallback: function(){
				togglePanel(this);
			},
			//Define action to take place after SDR is complete.
			done: function (){
			},
			noResults: function(){
				alert("No results Found");
				toggleUnclickable($('#requested_for'));
			},
			//Bind a click event to tr, td, etc.
			clickCallback: function(){
				$('table').on( "click", 'tr td.select.requestedForTableConfig', {value:this}, function(event){
					defaultRowCallback(this);
					$('#requested_for input').val(KD.utils.Action.getQuestionValue('ReqFor_First Name')+ ' ' + KD.utils.Action.getQuestionValue('ReqFor_Last Name'));
					toggleUnclickable($('#requested_for'));
					togglePanel(event.data.value);
				})
			},
			/*Configure the data to be displayed in the table and set into Question Values
			//This is a modified object used by Datatables.net.  setQstn has been added to it.
			//columns: Array of Objects.
			//data: Must match the data returned by the Simple Data Request.
			//title: Display name used in the table header.
			//setQstn: Question Element to be set with the selected value. (Only when defaultRowCallback is used)
			//className: Used with DataTables Responsive Plugin.
			*/
			columns: [
				{ data: 'select', "title":"SELECT",	orderable: false, width: 60,			className: "requestedForTableConfig select" },
				{ data: 'First Name', "title":"FIRST", "setQstn":"ReqFor_First Name",		className: "control" },
				{ data: 'Last Name', "title":"LAST", "setQstn":"ReqFor_Last Name",			className: "min-phone-l control-additional" },
				{ data: 'Email', "title":"EMAIL", "setQstn":"ReqFor_Email",					className: "min-tablet control-additional" },
				{ data: 'Login Id', "title":"LOGIN ID", "setQstn":"ReqFor_Login ID",		className: "none " },
				{ data: 'Work Phone Number', "title":"PHONE #", "setQstn":"ReqFor_Phone",	className: "none" },
			]
		},
		contactTableConfig:{
			//type: "BridgeDataTable" or "BridgeList".  Determines default values to be used and behavior.
			type: "BridgeDataTable",
			bridgeConfig:{
				model: "Person",
				qualification_mapping: "By First Name or Last Name or Full Name",
				//Params to be created and passed to the Bridge.  VALUE MUST BE JQUERY SELECTOR.
				parameters: {'Full Name': '#contact input','First Name': '#contact input','Last Name': '#contact input'},
				//CONFIGURE: Bridge Attributes to be returned
				//TODO: can the column configuration be leveraged to retrieve attributes?
				attributes: ["First Name","Last Name"],
			},
			//Where to append the table
			appendTo: $('div.search-slide'),
			//ID to give the table when creating it.
			tableId: 'contactTable',
			//After the Table has been created.
			afterInit: function(){ //completeCallback
			},
			before: function(){ //before search
				toggleUnclickable($('#contact'));
			},
			// After Table Load
			loadedcallback: function(){
				togglePanel(this);
			},
			//Define action to take place after Search is complete.
			done: function (){
			},
			noResults: function(){
				alert("No results Found");
				toggleUnclickable($('#contact'));
			},
			//Bind a click event to tr, td, etc.
			clickCallback: function(){
				$('table').on( "click", 'tr td.select.contactTableConfig', {value:this}, function(event){
					defaultRowCallback(this);
					$('#contact input').val(KD.utils.Action.getQuestionValue('Contact_First Name')+ ' ' + KD.utils.Action.getQuestionValue('Contact_Last Name'));
					$('#contact_search a').find('i').removeClass('fa-spinner fa-pulse').addClass('fa-search');
					toggleUnclickable($('#contact'));
					togglePanel(event.data.value);
				})
			},
			/*Configure the data to be displayed in the table and set into Question Values
			//This is a modified object used by Datatables.net.  setQstn has been added to it.
			//columns: Array of Objects.
			//data: Must match the data returned by the Simple Data Request.
			//title: Display name used in the table header.
			//setQstn: Question Element to be set with the selected value. (Only when defaultRowCallback is used)
			//className: Used with DataTables Responsive Plugin.
			*/
			columns: [
				{ data: 'select', "title":"SELECT",	orderable: false, width: 60,			className: "contactTableConfig select" },
				{ data: 'First Name', "title":"FIRST", "setQstn":"Contact_First Name",		className: "control" },
				{ data: 'Last Name', "title":"LAST", "setQstn":"Contact_Last Name",			className: "min-phone-l control-additional" },

			]
		},
		defaultRequestedFor:{
			//define if this should be run at time of initialization
			runAtInitialization: true,
			//type: "BridgeDataTable" or "BridgeList".  Determines default values to be used and behavior.
			type: "BridgeGetSingle",
			bridgeConfig:{
				model: "Person",
				qualification_mapping: "By Login Id",
				//Params to be created and passed to the Bridge.  VALUE MUST BE JQUERY SELECTOR.
				//Currently set by js before execution.				
				parameters: {'Login ID': clientManager.userName},
				//CONFIGURE: Bridge Attributes to be returned
				//TODO: can the column configuration be leveraged to retrieve attributes?
				attributes: ["First Name","Last Name","Email","Login Id","Work Phone Number"],
			},
			before: function(){
				toggleUnclickable($('#requested_for'));
			},
			// After Table Load
			loadedcallback: function(){
				toggleUnclickable($('#requested_for'));
			},
			//Define action to take place after Search is complete.
			done: function (){
			},
			noResults: function(){
				alert("No results Found");
				toggleUnclickable($('#requested_for'));
			},
			/*Configure the data to be returned by the Bridge and where to populate the data.
			//columns: Array of Objects.
			//data: Must match the data returned by the Simple Data Request.
			//setQstn: Question Element to be set with the selected value. (Only when defaultRowCallback is used)
			*/
			columns: [
				{ data: 'First Name', "setQstn":"ReqFor_First Name"},
				{ data: 'Last Name', "setQstn":"ReqFor_Last Name"},
				{ data: 'Email', "setQstn":"ReqFor_Email"},
				{ data: 'Login Id', "setQstn":"ReqFor_Login ID"},
				{ data: 'Work Phone Number', "setQstn":"ReqFor_Phone"}
			]
		},
		defaultContact:{
			//define if this should be run at time of initialization
			runAtInitialization: true,
			//type: "BridgeDataTable" or "BridgeList".  Determines default values to be used and behavior.
			type: "BridgeGetSingle",
			bridgeConfig:{
				model: "Person",
				qualification_mapping: "By Login Id",
				//Params to be created and passed to the Bridge.  VALUE MUST BE JQUERY SELECTOR.
				//Currently set by js before execution.
				parameters: {'Login ID': clientManager.userName},
				//CONFIGURE: Bridge Attributes to be returned
				//TODO: can the column configuration be leveraged to retrieve attributes?
				attributes: ["First Name","Last Name","Email","Login Id","Work Phone Number"],
			},
			before: function(){
				toggleUnclickable($('#contact'));
			},
			// After Table Load
			loadedcallback: function(){
				toggleUnclickable($('#contact'));
			},
			//Define action to take place after Search is complete.
			done: function(){	
			},
			noResults: function(){
				alert("No results Found");
				toggleUnclickable($('#contact'));
			},
			/*Configure the data to be returned by the Bridge and where to populate the data.
			//columns: Array of Objects.
			//data: Must match the data returned by the Simple Data Request.
			//setQstn: Question Element to be set with the selected value. (Only when defaultRowCallback is used)
			*/
			columns: [
				{ data: 'First Name', "setQstn":"Contact_First Name"},
				{ data: 'Last Name', "setQstn":"Contact_Last Name"},

			]
		},
		listContact:{
			type: "BridgeList",
			bridgeConfig:{
				model: "Person",
				qualification_mapping: "By Full Name",
				//Params to be created and passed to the Bridge.  VALUE MUST BE JQUERY SELECTOR.
				parameters: {'Full Name': '#list-contact input'},
				//CONFIGURE: Bridge Attributes to be returned
				attributes: ["First Name","Last Name","Email","Login Id","Work Phone Number"],
					},
			//Where to append the table
			appendTo: $('#list-contact-results'),
			//After the Table has been created.
			afterInit: function(){ //completeCallback
				
			},
			before: function(){
				toggleUnclickable($('#list-contact'));
			},
			loadedcallback: function(){
				toggleUnclickable($('#list-contact'));
			},
			done: function(){
			},
			clickCallback: function(){
				this.appendTo.on( "click", 'li', {value:this}, function(event){
					defaultListCallback(this);
					$('#list-contact .someoneelse input').val(KD.utils.Action.getQuestionValue('List Contact First Name')+ ' ' + KD.utils.Action.getQuestionValue('List Contact Last Name'));
				})
			},
			/*Configure the data to be displayed in the list and set into Question Values
			//This is a modified object used by Datatables.net.  setQstn has been added to it.
			//columns: Array of Objects.
			//data: Must match the data returned by the Simple Data Request.
			//title: Display name used in the table header.
			//setQstn: Question Element to be set with the selected value. (Only when defaultRowCallback is used)
			//className:  CSS Class value to apply to element diplayed in list.
			*/
			columns: [
				{ data: 'First Name', 		"title":"FIRST", 	"setQstn":"List Contact First Name",		className: "control" },
				{ data: 'Last Name', 		"title":"LAST", 	"setQstn":"List Contact Last Name",			className: "min-phone-l control-additional" },
				{ data: 'Email', 			"title":"EMAIL", 	"setQstn":"List Contact Email",				className: "min-tablet control-additional" },
				{ data: 'Login Id', 							"setQstn":"List Contact Login ID",			className: "none " },
				{ data: 'Work Phone Number',  					"setQstn":"List Contact Phone",				className: "none" },
			],
			
			//Define action to take place after SDR is complete.
			done: function (){
				
			},
			noResults: function(){
				alert("No results Found")
			}
		},
		defaultListContact:{
			//define if this should be run at time of initialization
			runAtInitialization: true,
			//type: "BridgeDataTable" or "BridgeList".  Determines default values to be used and behavior.
			type: "BridgeGetSingle",
			bridgeConfig:{
				model: "Person",
				qualification_mapping: "By Login Id",
				//Params to be created and passed to the Bridge.  VALUE MUST BE JQUERY SELECTOR.
				//Currently set by js before execution.
				parameters: {'Login ID': clientManager.userName},
				//CONFIGURE: Bridge Attributes to be returned
				//TODO: can the column configuration be leveraged to retrieve attributes?
				attributes: ["First Name","Last Name","Email","Login Id","Work Phone Number"],
			},
			before: function(){
				toggleUnclickable($('#list-contact'));
			},
			// After Table Load
			loadedcallback: function(){
				toggleUnclickable($('#list-contact'));
			},
			//Define action to take place after Search is complete.
			done: function(){	
			},
			noResults: function(){
				alert("No results Found");
				toggleUnclickable($('#list-contact'));
			},
			/*Configure the data to be returned by the Bridge and where to populate the data.
			//columns: Array of Objects.
			//data: Must match the data returned by the Simple Data Request.
			//setQstn: Question Element to be set with the selected value. (Only when defaultRowCallback is used)
			*/
			columns: [
				{ data: 'First Name', "setQstn":"List Contact First Name"},
				{ data: 'Last Name', "setQstn":"List Contact Last Name"},

			]
		}
	});
}
&lt;/script&gt;</value></field_value><field_value id="700002239"/><field_value id="600000101"/><field_value id="179"><value>KS7b6aea651793284a0627afb92c61c095d</value></field_value><field_value id="700002298"><value>search_example</value></field_value><field_value id="112"><value>0;</value></field_value><field_value id="700002297"><value>#FFFFFF</value></field_value><field_value id="700002296"/><field_value id="700002489"><value>http://clients.kineticdata.com/kinetic/DisplayPage?srv=KS7b6aea651793284a0627afb92c61c095d</value></field_value><field_value id="700036000"><value>Kinetic Request</value></field_value><field_value id="700073501"><value>0</value></field_value><field_value id="700002486"><value>0</value></field_value><field_value id="700073500"/><field_value id="700073400"><value>0</value></field_value><field_value id="700073302"/><field_value id="700073301"/><field_value id="700073300"/><field_value id="700071008"><value>5.1.3</value></field_value><field_value id="700073202"/><field_value id="700073201"/><field_value id="160"/><field_value id="700000414"/><field_value id="700073200"/><field_value id="700061010"><value>5</value></field_value><field_value id="700009874"/><field_value id="600000043"/><field_value id="600000042"/><field_value id="700001010"><value>Searching Request with Bridges using a js library </value></field_value><field_value id="700001859"/><field_value id="702031804"/><field_value id="702031803"><value>8.1.01 201401281910</value></field_value><field_value id="702031801"><value>Public</value></field_value><field_value id="702031800"><value>Public</value></field_value><field_value id="700002302"/><field_value id="8"><value>na</value></field_value><field_value id="700002301"><value>/themes/brighthouse/packages/catalog/service.jsp</value></field_value><field_value id="7"><value>0</value></field_value><field_value id="700001107"><value>KS7b6aea651793284a0627afb92c61c095d</value></field_value><field_value id="6"><value>1437436694</value></field_value><field_value id="5"><value>Demo</value></field_value><field_value id="700002268"/><field_value id="4"/><field_value id="3"><value>1431670984</value></field_value><field_value id="2"><value>Demo</value></field_value><field_value id="700001261"/><field_value id="70000098"/><field_value id="1"><value>000000000000628</value></field_value><field_value id="70000097"/><field_value id="70000095"/><field_value id="600000099"/><field_value id="70000094"/><field_value id="600000098"/><field_value id="600000096"/><field_value id="700001160"/><field_value id="600000095"/><field_value id="700001000"><value>Search Example</value></field_value><field_value id="600000094"/><field_value id="600000093"/><field_value id="600000092"/><field_value id="600000091"/><field_value id="700002000"/><field_value id="600000090"/><field_value id="700003002"/><field_value id="700003001"><value>0</value></field_value><field_value id="700002458"><value>Public</value></field_value><field_value id="700003000"><value>Default</value></field_value><field_value id="700002457"><value>Public</value></field_value><field_value id="700002456"><value>0</value></field_value><field_value id="700002455"><value>None</value></field_value><field_value id="600000320"/><field_value id="700001259"><value>http://clients.kineticdata.com/kinetic/</value></field_value><field_value id="70000125"/><field_value id="70000122"/><field_value id="70000121"/><field_value id="700002259"><value>0</value></field_value><field_value id="70000120"/><field_value id="70000089"/><field_value id="70000088"/><field_value id="70000087"/><field_value id="70000086"/><field_value id="70000085"/><field_value id="70000083"/><field_value id="70000082"/><field_value id="700001150"><value>Email</value></field_value><field_value id="70000081"/><field_value id="70000080"/><field_value id="702020010"/><field_value id="600001020"/></entry></instance></xform></arsystem_xml_report>